Time,V(NODE1),
0,0,
0.00001,-1.98,
0.00002,-1.96,
0.00003,-1.94,
0.00004,-1.92,
0.00005,-1.9,
0.00006,-1.88,
0.00007,-1.86,
0.00008,-1.84,
0.00009,-1.82,
0.0001,-1.8,
0.00011,-1.78,
0.00012,-1.76,
0.00013,-1.74,
0.00014,-1.72,
0.00015,-1.7,
0.00016,-1.68,
0.00017,-1.6600000000000001,
0.00018,-1.6400000000000001,
0.00019,-1.62,
0.0002,-1.6,
0.00021,-1.58,
0.00022,-1.56,
0.00023,-1.54,
0.00024,-1.52,
0.00025,-1.5,
0.00026,-1.48,
0.00027,-1.46,
0.00028,-1.44,
0.00029,-1.42,
0.0003,-1.4,
0.00031,-1.38,
0.00032,-1.3599999999999999,
0.00033,-1.34,
0.00034,-1.32,
0.00035,-1.3,
0.00036,-1.28,
0.00037,-1.2600000000000002,
0.00038,-1.2400000000000002,
0.00039,-1.22,
0.0004,-1.2,
0.00041,-1.1800000000000002,
0.00042,-1.1600000000000001,
0.00043,-1.1400000000000001,
0.00044,-1.12,
0.00045,-1.1,
0.00046,-1.08,
0.00047,-1.06,
0.00048,-1.04,
0.00049,-1.02,
0.0005,-1,
0.00051,-0.98,
0.00052,-0.9600000000000002,
0.00053,-0.94,
0.00054,-0.9199999999999999,
0.00055,-0.8999999999999999,
0.00056,-0.8800000000000001,
0.00057,-0.8600000000000001,
0.00058,-0.8400000000000001,
0.00059,-0.8200000000000001,
0.0006,-0.8,
0.00061,-0.78,
0.00062,-0.76,
0.00063,-0.74,
0.00064,-0.72,
0.00065,-0.7000000000000002,
0.00066,-0.6800000000000002,
0.00067,-0.6599999999999999,
0.00068,-0.6400000000000001,
0.00069,-0.6200000000000001,
0.0007,-0.6000000000000001,
0.00071,-0.5800000000000001,
0.00072,-0.56,
0.00073,-0.54,
0.00074,-0.5200000000000002,
0.00075,-0.5,
0.00076,-0.4800000000000002,
0.00077,-0.4600000000000002,
0.00078,-0.43999999999999995,
0.00079,-0.42000000000000015,
0.0008,-0.3999999999999999,
0.00081,-0.3800000000000001,
0.00082,-0.3600000000000003,
0.00083,-0.3400000000000001,
0.00084,-0.32000000000000006,
0.00085,-0.30000000000000027,
0.00086,-0.28,
0.00087,-0.26000000000000023,
0.00088,-0.24,
0.00089,-0.2200000000000002,
0.0009,-0.20000000000000018,
0.00091,-0.18000000000000016,
0.00092,-0.15999999999999992,
0.00093,-0.14000000000000012,
0.00094,-0.1200000000000001,
0.00095,-0.10000000000000009,
0.00096,-0.08000000000000007,
0.00097,-0.06000000000000005,
0.00098,-0.040000000000000036,
0.00099,-0.02000000000000024,
0.001,0,
0.00101,0.020000000000000018,
0.00102,0.040000000000000036,
0.00103,0.06000000000000005,
0.00104,0.07999999999999963,
0.00105,0.09999999999999964,
0.00106,0.1200000000000001,
0.00107,0.13999999999999968,
0.00108,0.16000000000000014,
0.00109,0.17999999999999972,
0.0011,0.20000000000000018,
0.00111,0.2200000000000002,
0.00112,0.23999999999999977,
0.00113,0.2599999999999998,
0.00114,0.2799999999999998,
0.00115,0.2999999999999998,
0.00116,0.31999999999999984,
0.00117,0.33999999999999986,
0.00118,0.3599999999999999,
0.00119,0.3799999999999999,
0.0012,0.3999999999999999,
0.00121,0.4199999999999995,
0.00122,0.43999999999999995,
0.00123,0.4599999999999995,
0.00124,0.48,
0.00125,0.5,
0.00126,0.52,
0.00127,0.54,
0.00128,0.56,
0.00129,0.5799999999999996,
0.0013,0.5999999999999996,
0.00131,0.6200000000000001,
0.00132,0.6399999999999997,
0.00133,0.6599999999999997,
0.00134,0.6800000000000002,
0.00135,0.7000000000000002,
0.00136,0.7199999999999998,
0.00137,0.7399999999999998,
0.00138,0.7599999999999998,
0.00139,0.7799999999999994,
0.0014,0.7999999999999998,
0.00141,0.8199999999999998,
0.00142,0.8399999999999999,
0.00143,0.8600000000000003,
0.00144,0.8799999999999999,
0.00145,0.8999999999999995,
0.00146,0.9199999999999999,
0.00147,0.94,
0.00148,0.9599999999999995,
0.00149,0.9799999999999995,
0.0015,1,
0.00151,1.02,
0.00152,1.0399999999999996,
0.00153,1.0599999999999996,
0.00154,1.0799999999999996,
0.00155,1.0999999999999996,
0.00156,1.12,
0.00157,1.1399999999999997,
0.00158,1.1599999999999997,
0.00159,1.1800000000000002,
0.0016,1.2000000000000002,
0.00161,1.2199999999999998,
0.00162,1.2399999999999998,
0.00163,1.2599999999999998,
0.00164,1.2799999999999994,
0.00165,1.2999999999999998,
0.00166,1.3199999999999998,
0.00167,1.3399999999999999,
0.00168,1.3599999999999999,
0.00169,1.38,
0.0017,1.3999999999999995,
0.00171,1.42,
0.00172,1.44,
0.00173,1.4599999999999995,
0.00174,1.4799999999999995,
0.00175,1.5,
0.00176,1.52,
0.00177,1.5399999999999996,
0.00178,1.5599999999999996,
0.00179,1.5799999999999996,
0.0018,1.5999999999999996,
0.00181,1.62,
0.00182,1.6399999999999997,
0.00183,1.6599999999999997,
0.00184,1.6800000000000002,
0.00185,1.7000000000000002,
0.00186,1.7199999999999998,
0.00187,1.7399999999999998,
0.00188,1.7599999999999998,
0.00189,1.7799999999999994,
0.0019,1.7999999999999998,
0.00191,1.8199999999999998,
0.00192,1.8399999999999999,
0.00193,1.8599999999999999,
0.00194,1.88,
0.00195,1.8999999999999995,
0.00196,1.92,
0.00197,1.94,
0.00198,1.9599999999999995,
0.00199,1.9799999999999995,
0.002,-2,
0.00201,-1.9800000000000004,
0.00202,-1.96,
0.00203,-1.9399999999999995,
0.00204,-1.92,
0.00205,-1.9000000000000004,
0.00206,-1.88,
0.00207,-1.8600000000000012,
0.00208,-1.8400000000000007,
0.00209,-1.8200000000000003,
0.0021,-1.8000000000000007,
0.00211,-1.7800000000000002,
0.00212,-1.7599999999999998,
0.00213,-1.7400000000000002,
0.00214,-1.7200000000000006,
0.00215,-1.7000000000000002,
0.00216,-1.6799999999999997,
0.00217,-1.6600000000000001,
0.00218,-1.6400000000000006,
0.00219,-1.62,
0.0022,-1.5999999999999996,
0.00221,-1.58,
0.00222,-1.5599999999999996,
0.00223,-1.54,
0.00224,-1.5200000000000005,
0.00225,-1.5000000000000009,
0.00226,-1.4800000000000004,
0.00227,-1.4600000000000009,
0.00228,-1.4400000000000004,
0.00229,-1.4200000000000008,
0.0023,-1.4000000000000004,
0.00231,-1.38,
0.00232,-1.3600000000000003,
0.00233,-1.3400000000000007,
0.00234,-1.3200000000000003,
0.00235,-1.2999999999999998,
0.00236,-1.2800000000000002,
0.00237,-1.2599999999999998,
0.00238,-1.2400000000000002,
0.00239,-1.2199999999999998,
0.0024,-1.2000000000000002,
0.00241,-1.1800000000000006,
0.00242,-1.160000000000001,
0.00243,-1.1400000000000006,
0.00244,-1.12,
0.00245,-1.1000000000000005,
0.00246,-1.080000000000001,
0.00247,-1.0600000000000005,
0.00248,-1.04,
0.00249,-1.0200000000000005,
0.0025,-1,
0.00251,-0.9800000000000004,
0.00252,-0.96,
0.00253,-0.9400000000000004,
0.00254,-0.9199999999999999,
0.00255,-0.8999999999999995,
0.00256,-0.8799999999999999,
0.00257,-0.8600000000000012,
0.00258,-0.8400000000000007,
0.00259,-0.8200000000000012,
0.0026,-0.8000000000000007,
0.00261,-0.7800000000000002,
0.00262,-0.7599999999999998,
0.00263,-0.7400000000000002,
0.00264,-0.7200000000000006,
0.00265,-0.7000000000000002,
0.00266,-0.6800000000000006,
0.00267,-0.6599999999999993,
0.00268,-0.6399999999999997,
0.00269,-0.6200000000000001,
0.0027,-0.5999999999999996,
0.00271,-0.5800000000000001,
0.00272,-0.5600000000000005,
0.00273,-0.54,
0.00274,-0.5200000000000005,
0.00275,-0.5000000000000009,
0.00276,-0.4800000000000004,
0.00277,-0.46000000000000085,
0.00278,-0.4400000000000013,
0.00279,-0.4200000000000008,
0.0028,-0.40000000000000036,
0.00281,-0.3799999999999999,
0.00282,-0.3600000000000003,
0.00283,-0.34000000000000075,
0.00284,-0.3200000000000003,
0.00285,-0.3000000000000007,
0.00286,-0.27999999999999936,
0.00287,-0.2599999999999998,
0.00288,-0.2400000000000002,
0.00289,-0.21999999999999975,
0.0029,-0.20000000000000107,
0.00291,-0.1800000000000015,
0.00292,-0.16000000000000014,
0.00293,-0.14000000000000057,
0.00294,-0.1200000000000001,
0.00295,-0.10000000000000053,
0.00296,-0.08000000000000096,
0.00297,-0.0600000000000005,
0.00298,-0.040000000000000924,
0.00299,-0.019999999999999574,
0.003,0,
0.00301,0.019999999999999574,
0.00302,0.040000000000000036,
0.00303,0.05999999999999961,
0.00304,0.07999999999999918,
0.00305,0.10000000000000053,
0.00306,0.11999999999999922,
0.00307,0.1399999999999988,
0.00308,0.15999999999999925,
0.00309,0.17999999999999883,
0.0031,0.1999999999999993,
0.00311,0.21999999999999975,
0.00312,0.2400000000000002,
0.00313,0.2599999999999998,
0.00314,0.27999999999999936,
0.00315,0.2999999999999998,
0.00316,0.3199999999999994,
0.00317,0.33999999999999897,
0.00318,0.3600000000000003,
0.00319,0.3799999999999999,
0.0032,0.40000000000000036,
0.00321,0.41999999999999993,
0.00322,0.4399999999999995,
0.00323,0.45999999999999996,
0.00324,0.47999999999999954,
0.00325,0.4999999999999991,
0.00326,0.5199999999999996,
0.00327,0.5399999999999991,
0.00328,0.5599999999999987,
0.00329,0.5799999999999992,
0.0033,0.5999999999999996,
0.00331,0.6200000000000001,
0.00332,0.6399999999999997,
0.00333,0.6599999999999993,
0.00334,0.6799999999999997,
0.00335,0.6999999999999993,
0.00336,0.7199999999999998,
0.00337,0.7400000000000002,
0.00338,0.7599999999999998,
0.00339,0.7799999999999994,
0.0034,0.7999999999999989,
0.00341,0.8199999999999985,
0.00342,0.8399999999999999,
0.00343,0.8599999999999994,
0.00344,0.8799999999999999,
0.00345,0.8999999999999995,
0.00346,0.919999999999999,
0.00347,0.9399999999999995,
0.00348,0.9599999999999991,
0.00349,0.9800000000000004,
0.0035,1,
0.00351,1.0199999999999996,
0.00352,1.04,
0.00353,1.0599999999999996,
0.00354,1.0799999999999992,
0.00355,1.0999999999999996,
0.00356,1.1199999999999992,
0.00357,1.1399999999999988,
0.00358,1.1599999999999993,
0.00359,1.1799999999999988,
0.0036,1.1999999999999993,
0.00361,1.2199999999999998,
0.00362,1.2400000000000002,
0.00363,1.2599999999999998,
0.00364,1.2799999999999994,
0.00365,1.2999999999999998,
0.00366,1.3199999999999994,
0.00367,1.339999999999999,
0.00368,1.3600000000000003,
0.00369,1.38,
0.0037,1.4000000000000004,
0.00371,1.42,
0.00372,1.4399999999999995,
0.00373,1.46,
0.00374,1.4799999999999995,
0.00375,1.4999999999999991,
0.00376,1.5199999999999996,
0.00377,1.5399999999999991,
0.00378,1.5599999999999987,
0.00379,1.5799999999999992,
0.0038,1.5999999999999996,
0.00381,1.62,
0.00382,1.6399999999999997,
0.00383,1.6599999999999993,
0.00384,1.6799999999999997,
0.00385,1.6999999999999993,
0.00386,1.7199999999999998,
0.00387,1.7400000000000002,
0.00388,1.7599999999999998,
0.00389,1.7799999999999994,
0.0039,1.799999999999999,
0.00391,1.8200000000000003,
0.00392,1.8399999999999999,
0.00393,1.8599999999999994,
0.00394,1.88,
0.00395,1.9000000000000004,
0.00396,1.919999999999999,
0.00397,1.9399999999999977,
0.00398,1.959999999999999,
0.00399,1.9799999999999986,
0.004,-2,
0.00401,-1.9800000000000004,
0.00402,-1.9600000000000009,
0.00403,-1.9400000000000013,
0.00404,-1.92,
0.00405,-1.9000000000000004,
0.00406,-1.879999999999999,
0.00407,-1.8600000000000012,
0.00408,-1.8399999999999999,
0.00409,-1.8200000000000003,
0.0041,-1.8000000000000007,
0.00411,-1.7799999999999994,
0.00412,-1.7599999999999998,
0.00413,-1.7400000000000002,
0.00414,-1.7200000000000024,
0.00415,-1.700000000000001,
0.00416,-1.6800000000000015,
0.00417,-1.6600000000000001,
0.00418,-1.6400000000000006,
0.00419,-1.6199999999999992,
0.0042,-1.6000000000000014,
0.00421,-1.58,
0.00422,-1.5600000000000005,
0.00423,-1.540000000000001,
0.00424,-1.5199999999999996,
0.00425,-1.5,
0.00426,-1.4800000000000004,
0.00427,-1.459999999999999,
0.00428,-1.4400000000000013,
0.00429,-1.42,
0.0043,-1.4000000000000004,
0.00431,-1.3800000000000008,
0.00432,-1.3599999999999994,
0.00433,-1.3400000000000016,
0.00434,-1.3200000000000003,
0.00435,-1.3000000000000025,
0.00436,-1.2800000000000011,
0.00437,-1.2600000000000016,
0.00438,-1.2400000000000002,
0.00439,-1.2200000000000006,
0.0044,-1.1999999999999993,
0.00441,-1.1800000000000015,
0.00442,-1.1600000000000001,
0.00443,-1.1400000000000006,
0.00444,-1.1199999999999992,
0.00445,-1.1000000000000014,
0.00446,-1.08,
0.00447,-1.0600000000000005,
0.00448,-1.040000000000001,
0.00449,-1.0199999999999996,
0.0045,-1.0000000000000018,
0.00451,-0.9800000000000004,
0.00452,-0.9600000000000009,
0.00453,-0.9399999999999995,
0.00454,-0.9200000000000017,
0.00455,-0.9000000000000004,
0.00456,-0.8800000000000008,
0.00457,-0.8599999999999994,
0.00458,-0.8400000000000016,
0.00459,-0.8200000000000003,
0.0046,-0.8000000000000007,
0.00461,-0.7799999999999994,
0.00462,-0.7599999999999998,
0.00463,-0.740000000000002,
0.00464,-0.7200000000000006,
0.00465,-0.7000000000000011,
0.00466,-0.6800000000000015,
0.00467,-0.6600000000000001,
0.00468,-0.6400000000000006,
0.00469,-0.620000000000001,
0.0047,-0.5999999999999996,
0.00471,-0.5800000000000018,
0.00472,-0.5600000000000005,
0.00473,-0.5400000000000009,
0.00474,-0.5199999999999996,
0.00475,-0.5,
0.00476,-0.4800000000000004,
0.00477,-0.46000000000000085,
0.00478,-0.4399999999999995,
0.00479,-0.4200000000000017,
0.0048,-0.40000000000000036,
0.00481,-0.3800000000000008,
0.00482,-0.3600000000000012,
0.00483,-0.33999999999999986,
0.00484,-0.32000000000000206,
0.00485,-0.3000000000000007,
0.00486,-0.28000000000000114,
0.00487,-0.2599999999999998,
0.00488,-0.2400000000000002,
0.00489,-0.22000000000000064,
0.0049,-0.20000000000000107,
0.00491,-0.17999999999999972,
0.00492,-0.16000000000000192,
0.00493,-0.14000000000000057,
0.00494,-0.120000000000001,
0.00495,-0.09999999999999964,
0.00496,-0.08000000000000007,
0.00497,-0.060000000000002274,
0.00498,-0.040000000000000924,
0.00499,-0.02000000000000135,
0.005,0,
0.00501,0.019999999999999574,
0.00502,0.03999999999999915,
0.00503,0.05999999999999872,
0.00504,0.08000000000000007,
0.00505,0.09999999999999964,
0.00506,0.11999999999999922,
0.00507,0.1399999999999988,
0.00508,0.16000000000000014,
0.00509,0.17999999999999972,
0.0051,0.20000000000000107,
0.00511,0.22000000000000064,
0.00512,0.2400000000000002,
0.00513,0.2599999999999998,
0.00514,0.2799999999999976,
0.00515,0.29999999999999893,
0.00516,0.3199999999999985,
0.00517,0.33999999999999986,
0.00518,0.35999999999999766,
0.00519,0.379999999999999,
0.0052,0.3999999999999986,
0.00521,0.41999999999999815,
0.00522,0.4399999999999995,
0.00523,0.46000000000000085,
0.00524,0.4800000000000004,
0.00525,0.5,
0.00526,0.5199999999999996,
0.00527,0.5400000000000009,
0.00528,0.5599999999999987,
0.00529,0.5800000000000001,
0.0053,0.5999999999999996,
0.00531,0.6199999999999974,
0.00532,0.6399999999999988,
0.00533,0.6600000000000001,
0.00534,0.6800000000000015,
0.00535,0.6999999999999993,
0.00536,0.7200000000000006,
0.00537,0.7399999999999984,
0.00538,0.7599999999999998,
0.00539,0.7799999999999994,
0.0054,0.8000000000000007,
0.00541,0.8199999999999985,
0.00542,0.8399999999999999,
0.00543,0.8599999999999977,
0.00544,0.879999999999999,
0.00545,0.8999999999999986,
0.00546,0.9199999999999999,
0.00547,0.9399999999999995,
0.00548,0.9599999999999991,
0.00549,0.9800000000000004,
0.0055,0.9999999999999982,
0.00551,1.0199999999999996,
0.00552,1.0399999999999991,
0.00553,1.0600000000000005,
0.00554,1.0799999999999983,
0.00555,1.0999999999999996,
0.00556,1.1199999999999974,
0.00557,1.1399999999999988,
0.00558,1.1599999999999984,
0.00559,1.1799999999999997,
0.0056,1.1999999999999993,
0.00561,1.2200000000000006,
0.00562,1.2400000000000002,
0.00563,1.259999999999998,
0.00564,1.2799999999999994,
0.00565,1.299999999999999,
0.00566,1.3199999999999985,
0.00567,1.339999999999998,
0.00568,1.3599999999999994,
0.00569,1.3799999999999972,
0.0057,1.3999999999999986,
0.00571,1.42,
0.00572,1.4400000000000013,
0.00573,1.459999999999999,
0.00574,1.4800000000000004,
0.00575,1.5,
0.00576,1.5199999999999996,
0.00577,1.5399999999999991,
0.00578,1.5600000000000005,
0.00579,1.5799999999999983,
0.0058,1.5999999999999979,
0.00581,1.6199999999999992,
0.00582,1.639999999999997,
0.00583,1.6599999999999984,
0.00584,1.6799999999999997,
0.00585,1.700000000000001,
0.00586,1.7199999999999989,
0.00587,1.7400000000000002,
0.00588,1.7599999999999998,
0.00589,1.7799999999999994,
0.0059,1.799999999999999,
0.00591,1.8200000000000003,
0.00592,1.839999999999998,
0.00593,1.8599999999999994,
0.00594,1.879999999999999,
0.00595,1.8999999999999986,
0.00596,1.9199999999999982,
0.00597,1.9399999999999995,
0.00598,1.9600000000000009,
0.00599,1.9799999999999986,
0.006,-2,
0.00601,-1.9800000000000004,
0.00602,-1.9600000000000009,
0.00603,-1.9400000000000013,
0.00604,-1.92,
0.00605,-1.9000000000000021,
0.00606,-1.8800000000000008,
0.00607,-1.8600000000000012,
0.00608,-1.8400000000000016,
0.00609,-1.8200000000000003,
0.0061,-1.799999999999999,
0.00611,-1.7799999999999994,
0.00612,-1.7600000000000016,
0.00613,-1.7400000000000002,
0.00614,-1.7200000000000024,
0.00615,-1.700000000000001,
0.00616,-1.6800000000000015,
0.00617,-1.6600000000000001,
0.00618,-1.6400000000000023,
0.00619,-1.620000000000001,
0.0062,-1.6000000000000014,
0.00621,-1.5800000000000018,
0.00622,-1.5600000000000005,
0.00623,-1.5399999999999991,
0.00624,-1.5199999999999996,
0.00625,-1.5,
0.00626,-1.4800000000000004,
0.00627,-1.459999999999999,
0.00628,-1.4400000000000013,
0.00629,-1.4200000000000017,
0.0063,-1.4000000000000004,
0.00631,-1.3800000000000026,
0.00632,-1.3600000000000012,
0.00633,-1.3399999999999999,
0.00634,-1.320000000000002,
0.00635,-1.3000000000000007,
0.00636,-1.2799999999999994,
0.00637,-1.2600000000000016,
0.00638,-1.2400000000000002,
0.00639,-1.2200000000000006,
0.0064,-1.1999999999999993,
0.00641,-1.1800000000000015,
0.00642,-1.1600000000000001,
0.00643,-1.1400000000000023,
0.00644,-1.120000000000001,
0.00645,-1.1000000000000014,
0.00646,-1.08,
0.00647,-1.0600000000000005,
0.00648,-1.040000000000001,
0.00649,-1.0199999999999996,
0.0065,-1.0000000000000018,
0.00651,-0.9800000000000004,
0.00652,-0.9600000000000009,
0.00653,-0.9399999999999995,
0.00654,-0.9200000000000017,
0.00655,-0.9000000000000004,
0.00656,-0.8800000000000026,
0.00657,-0.8600000000000012,
0.00658,-0.8400000000000016,
0.00659,-0.8200000000000003,
0.0066,-0.8000000000000007,
0.00661,-0.7799999999999994,
0.00662,-0.7599999999999998,
0.00663,-0.740000000000002,
0.00664,-0.7200000000000006,
0.00665,-0.7000000000000011,
0.00666,-0.6800000000000015,
0.00667,-0.6600000000000019,
0.00668,-0.6400000000000006,
0.00669,-0.6200000000000028,
0.0067,-0.6000000000000014,
0.00671,-0.5800000000000001,
0.00672,-0.5600000000000005,
0.00673,-0.5400000000000009,
0.00674,-0.5199999999999996,
0.00675,-0.5,
0.00676,-0.4800000000000004,
0.00677,-0.46000000000000085,
0.00678,-0.4400000000000013,
0.00679,-0.4200000000000017,
0.0068,-0.40000000000000213,
0.00681,-0.3800000000000008,
0.00682,-0.360000000000003,
0.00683,-0.34000000000000163,
0.00684,-0.3200000000000003,
0.00685,-0.29999999999999893,
0.00686,-0.28000000000000114,
0.00687,-0.2599999999999998,
0.00688,-0.2400000000000002,
0.00689,-0.22000000000000064,
0.0069,-0.20000000000000107,
0.00691,-0.17999999999999972,
0.00692,-0.16000000000000192,
0.00693,-0.14000000000000057,
0.00694,-0.120000000000001,
0.00695,-0.1000000000000032,
0.00696,-0.08000000000000185,
0.00697,-0.0600000000000005,
0.00698,-0.03999999999999915,
0.00699,-0.02000000000000135,
0.007,0,
0.00701,0.019999999999999574,
0.00702,0.03999999999999915,
0.00703,0.05999999999999872,
0.00704,0.08000000000000007,
0.00705,0.09999999999999787,
0.00706,0.11999999999999922,
0.00707,0.1399999999999988,
0.00708,0.15999999999999837,
0.00709,0.17999999999999972,
0.0071,0.1999999999999993,
0.00711,0.22000000000000064,
0.00712,0.23999999999999844,
0.00713,0.2599999999999998,
0.00714,0.2799999999999976,
0.00715,0.29999999999999893,
0.00716,0.3199999999999985,
0.00717,0.33999999999999986,
0.00718,0.35999999999999766,
0.00719,0.379999999999999,
0.0072,0.3999999999999986,
0.00721,0.41999999999999815,
0.00722,0.4399999999999995,
0.00723,0.46000000000000085,
0.00724,0.4800000000000004,
0.00725,0.5,
0.00726,0.5199999999999996,
0.00727,0.5400000000000009,
0.00728,0.5599999999999987,
0.00729,0.5799999999999983,
0.0073,0.5999999999999996,
0.00731,0.6199999999999974,
0.00732,0.6399999999999988,
0.00733,0.6599999999999966,
0.00734,0.6799999999999979,
0.00735,0.6999999999999993,
0.00736,0.7200000000000006,
0.00737,0.7399999999999984,
0.00738,0.7599999999999998,
0.00739,0.7799999999999994,
0.0074,0.8000000000000007,
0.00741,0.8199999999999985,
0.00742,0.8399999999999999,
0.00743,0.8599999999999977,
0.00744,0.879999999999999,
0.00745,0.8999999999999986,
0.00746,0.9199999999999999,
0.00747,0.9399999999999995,
0.00748,0.9599999999999991,
0.00749,0.9800000000000004,
0.0075,0.9999999999999982,
0.00751,1.0199999999999996,
0.00752,1.0399999999999991,
0.00753,1.0600000000000005,
0.00754,1.0799999999999983,
0.00755,1.0999999999999996,
0.00756,1.1199999999999974,
0.00757,1.1399999999999988,
0.00758,1.1599999999999984,
0.00759,1.1799999999999997,
0.0076,1.1999999999999993,
0.00761,1.2199999999999989,
0.00762,1.2400000000000002,
0.00763,1.259999999999998,
0.00764,1.2799999999999994,
0.00765,1.299999999999999,
0.00766,1.3199999999999985,
0.00767,1.339999999999998,
0.00768,1.3599999999999994,
0.00769,1.3799999999999972,
0.0077,1.3999999999999986,
0.00771,1.4199999999999982,
0.00772,1.4399999999999995,
0.00773,1.459999999999999,
0.00774,1.4800000000000004,
0.00775,1.5,
0.00776,1.5199999999999996,
0.00777,1.5399999999999991,
0.00778,1.5599999999999987,
0.00779,1.5799999999999983,
0.0078,1.5999999999999979,
0.00781,1.6199999999999992,
0.00782,1.6400000000000006,
0.00783,1.6599999999999984,
0.00784,1.6799999999999997,
0.00785,1.6999999999999975,
0.00786,1.7199999999999989,
0.00787,1.7400000000000002,
0.00788,1.7599999999999998,
0.00789,1.7799999999999976,
0.0079,1.8000000000000007,
0.00791,1.8200000000000003,
0.00792,1.839999999999998,
0.00793,1.8599999999999977,
0.00794,1.8799999999999955,
0.00795,1.8999999999999986,
0.00796,1.9199999999999982,
0.00797,1.9399999999999995,
0.00798,1.9599999999999973,
0.00799,1.9800000000000004,
0.008,-2,
0.00801,-1.9800000000000004,
0.00802,-1.9600000000000009,
0.00803,-1.9399999999999977,
0.00804,-1.9200000000000017,
0.00805,-1.9000000000000021,
0.00806,-1.8800000000000026,
0.00807,-1.8599999999999994,
0.00808,-1.8399999999999999,
0.00809,-1.8200000000000038,
0.0081,-1.8000000000000007,
0.00811,-1.7800000000000011,
0.00812,-1.759999999999998,
0.00813,-1.740000000000002,
0.00814,-1.7200000000000024,
0.00815,-1.7000000000000028,
0.00816,-1.6799999999999997,
0.00817,-1.6600000000000001,
0.00818,-1.6400000000000006,
0.00819,-1.6200000000000045,
0.0082,-1.6000000000000014,
0.00821,-1.5800000000000018,
0.00822,-1.5599999999999987,
0.00823,-1.5400000000000027,
0.00824,-1.5199999999999996,
0.00825,-1.5,
0.00826,-1.4800000000000004,
0.00827,-1.4600000000000009,
0.00828,-1.4400000000000048,
0.00829,-1.4199999999999982,
0.0083,-1.4000000000000021,
0.00831,-1.3800000000000026,
0.00832,-1.360000000000003,
0.00833,-1.3399999999999999,
0.00834,-1.3200000000000003,
0.00835,-1.3000000000000007,
0.00836,-1.2800000000000011,
0.00837,-1.259999999999998,
0.00838,-1.2399999999999984,
0.00839,-1.2200000000000024,
0.0084,-1.2000000000000028,
0.00841,-1.1799999999999997,
0.00842,-1.1600000000000001,
0.00843,-1.1400000000000006,
0.00844,-1.120000000000001,
0.00845,-1.1000000000000014,
0.00846,-1.0800000000000018,
0.00847,-1.0600000000000023,
0.00848,-1.0399999999999991,
0.00849,-1.0200000000000031,
0.0085,-1,
0.00851,-0.9800000000000004,
0.00852,-0.9600000000000009,
0.00853,-0.9400000000000013,
0.00854,-0.9199999999999982,
0.00855,-0.9000000000000021,
0.00856,-0.8800000000000026,
0.00857,-0.860000000000003,
0.00858,-0.8399999999999999,
0.00859,-0.8200000000000003,
0.0086,-0.8000000000000007,
0.00861,-0.7800000000000011,
0.00862,-0.7600000000000016,
0.00863,-0.7399999999999984,
0.00864,-0.7199999999999989,
0.00865,-0.7000000000000028,
0.00866,-0.6800000000000033,
0.00867,-0.6600000000000001,
0.00868,-0.6400000000000006,
0.00869,-0.620000000000001,
0.0087,-0.600000000000005,
0.00871,-0.5800000000000018,
0.00872,-0.5600000000000023,
0.00873,-0.5399999999999991,
0.00874,-0.5200000000000031,
0.00875,-0.5,
0.00876,-0.4800000000000004,
0.00877,-0.46000000000000085,
0.00878,-0.4400000000000013,
0.00879,-0.4200000000000017,
0.0088,-0.3999999999999986,
0.00881,-0.38000000000000256,
0.00882,-0.360000000000003,
0.00883,-0.33999999999999986,
0.00884,-0.3200000000000003,
0.00885,-0.3000000000000007,
0.00886,-0.28000000000000114,
0.00887,-0.26000000000000156,
0.00888,-0.23999999999999844,
0.00889,-0.21999999999999886,
0.0089,-0.20000000000000284,
0.00891,-0.18000000000000327,
0.00892,-0.16000000000000014,
0.00893,-0.14000000000000057,
0.00894,-0.120000000000001,
0.00895,-0.10000000000000142,
0.00896,-0.08000000000000185,
0.00897,-0.060000000000002274,
0.00898,-0.03999999999999915,
0.00899,-0.019999999999999574,
0.009,-3.552713678800501e-15,
0.00901,0.019999999999999574,
0.00902,0.03999999999999915,
0.00903,0.05999999999999872,
0.00904,0.0799999999999983,
0.00905,0.10000000000000142,
0.00906,0.120000000000001,
0.00907,0.13999999999999702,
0.00908,0.1599999999999966,
0.00909,0.17999999999999972,
0.0091,0.1999999999999993,
0.00911,0.21999999999999886,
0.00912,0.23999999999999844,
0.00913,0.259999999999998,
0.00914,0.28000000000000114,
0.00915,0.3000000000000007,
0.00916,0.31999999999999673,
0.00917,0.3399999999999963,
0.00918,0.35999999999999943,
0.00919,0.379999999999999,
0.0092,0.3999999999999986,
0.00921,0.41999999999999815,
0.00922,0.4400000000000013,
0.00923,0.4599999999999973,
0.00924,0.4800000000000004,
0.00925,0.5,
0.00926,0.519999999999996,
0.00927,0.5399999999999991,
0.00928,0.5599999999999987,
0.00929,0.5799999999999983,
0.0093,0.5999999999999979,
0.00931,0.620000000000001,
0.00932,0.639999999999997,
0.00933,0.6599999999999966,
0.00934,0.6799999999999997,
0.00935,0.6999999999999993,
0.00936,0.7199999999999989,
0.00937,0.7399999999999984,
0.00938,0.759999999999998,
0.00939,0.7800000000000011,
0.0094,0.8000000000000007,
0.00941,0.8200000000000003,
0.00942,0.8399999999999963,
0.00943,0.8599999999999959,
0.00944,0.879999999999999,
0.00945,0.8999999999999986,
0.00946,0.9199999999999982,
0.00947,0.9399999999999977,
0.00948,0.9600000000000009,
0.00949,0.9800000000000004,
0.0095,1,
0.00951,1.019999999999996,
0.00952,1.0399999999999991,
0.00953,1.0599999999999987,
0.00954,1.0799999999999983,
0.00955,1.0999999999999979,
0.00956,1.120000000000001,
0.00957,1.1400000000000006,
0.00958,1.1599999999999966,
0.00959,1.1799999999999997,
0.0096,1.1999999999999993,
0.00961,1.2199999999999989,
0.00962,1.2399999999999984,
0.00963,1.259999999999998,
0.00964,1.2799999999999976,
0.00965,1.3000000000000007,
0.00966,1.3200000000000003,
0.00967,1.3399999999999963,
0.00968,1.3599999999999959,
0.00969,1.379999999999999,
0.0097,1.3999999999999986,
0.00971,1.4199999999999982,
0.00972,1.4399999999999977,
0.00973,1.4600000000000009,
0.00974,1.4800000000000004,
0.00975,1.5,
0.00976,1.5199999999999996,
0.00977,1.5399999999999956,
0.00978,1.5599999999999987,
0.00979,1.5799999999999983,
0.0098,1.5999999999999979,
0.00981,1.6199999999999974,
0.00982,1.6400000000000006,
0.00983,1.6600000000000001,
0.00984,1.6799999999999962,
0.00985,1.6999999999999993,
0.00986,1.7199999999999989,
0.00987,1.740000000000002,
0.00988,1.759999999999998,
0.00989,1.7799999999999976,
0.0099,1.8000000000000007,
0.00991,1.8200000000000003,
0.00992,1.8399999999999999,
0.00993,1.8599999999999959,
0.00994,1.8799999999999955,
0.00995,1.8999999999999986,
0.00996,1.9199999999999982,
0.00997,1.9399999999999977,
0.00998,1.9599999999999973,
0.00999,1.9800000000000004,
0.01,-2,
0.01001,-1.9800000000000004,
0.01002,-1.9600000000000009,
0.01003,-1.9399999999999977,
0.01004,-1.9200000000000017,
0.01005,-1.9000000000000021,
0.01006,-1.8800000000000026,
0.01007,-1.8599999999999994,
0.01008,-1.8399999999999999,
0.01009,-1.8200000000000038,
0.0101,-1.8000000000000007,
0.01011,-1.7800000000000011,
0.01012,-1.7600000000000016,
0.01013,-1.740000000000002,
0.01014,-1.7200000000000024,
0.01015,-1.7000000000000028,
0.01016,-1.6799999999999997,
0.01017,-1.6600000000000001,
0.01018,-1.6400000000000006,
0.01019,-1.6200000000000045,
0.0102,-1.5999999999999979,
0.01021,-1.5800000000000018,
0.01022,-1.5599999999999987,
0.01023,-1.5400000000000027,
0.01024,-1.5199999999999996,
0.01025,-1.5,
0.01026,-1.4800000000000004,
0.01027,-1.4600000000000044,
0.01028,-1.4400000000000048,
0.01029,-1.4200000000000017,
0.0103,-1.4000000000000021,
0.01031,-1.379999999999999,
0.01032,-1.360000000000003,
0.01033,-1.3399999999999963,
0.01034,-1.3200000000000003,
0.01035,-1.3000000000000007,
0.01036,-1.2800000000000047,
0.01037,-1.259999999999998,
0.01038,-1.240000000000002,
0.01039,-1.2200000000000024,
0.0104,-1.2000000000000028,
0.01041,-1.1799999999999997,
0.01042,-1.1600000000000037,
0.01043,-1.1400000000000006,
0.01044,-1.120000000000001,
0.01045,-1.100000000000005,
0.01046,-1.0799999999999983,
0.01047,-1.0600000000000023,
0.01048,-1.0399999999999991,
0.01049,-1.0200000000000031,
0.0105,-1,
0.01051,-0.980000000000004,
0.01052,-0.9600000000000009,
0.01053,-0.9400000000000013,
0.01054,-0.9199999999999982,
0.01055,-0.9000000000000021,
0.01056,-0.8800000000000026,
0.01057,-0.8599999999999994,
0.01058,-0.8399999999999999,
0.01059,-0.8200000000000003,
0.0106,-0.8000000000000007,
0.01061,-0.7800000000000011,
0.01062,-0.7600000000000051,
0.01063,-0.7399999999999984,
0.01064,-0.7200000000000024,
0.01065,-0.7000000000000028,
0.01066,-0.6799999999999997,
0.01067,-0.6600000000000001,
0.01068,-0.639999999999997,
0.01069,-0.620000000000001,
0.0107,-0.6000000000000014,
0.01071,-0.5800000000000018,
0.01072,-0.5599999999999987,
0.01073,-0.5400000000000027,
0.01074,-0.5200000000000031,
0.01075,-0.5000000000000036,
0.01076,-0.4800000000000004,
0.01077,-0.4600000000000044,
0.01078,-0.4400000000000013,
0.01079,-0.4200000000000017,
0.0108,-0.3999999999999986,
0.01081,-0.379999999999999,
0.01082,-0.360000000000003,
0.01083,-0.33999999999999986,
0.01084,-0.3200000000000003,
0.01085,-0.3000000000000007,
0.01086,-0.2800000000000047,
0.01087,-0.26000000000000156,
0.01088,-0.240000000000002,
0.01089,-0.21999999999999886,
0.0109,-0.20000000000000284,
0.01091,-0.18000000000000327,
0.01092,-0.16000000000000014,
0.01093,-0.14000000000000057,
0.01094,-0.120000000000001,
0.01095,-0.10000000000000142,
0.01096,-0.08000000000000185,
0.01097,-0.060000000000002274,
0.01098,-0.03999999999999915,
0.01099,-0.020000000000003126,
0.011,-3.552713678800501e-15,
0.01101,0.019999999999999574,
0.01102,0.03999999999999915,
0.01103,0.05999999999999517,
0.01104,0.0799999999999983,
0.01105,0.09999999999999787,
0.01106,0.120000000000001,
0.01107,0.14000000000000057,
0.01108,0.1599999999999966,
0.01109,0.17999999999999616,
0.0111,0.1999999999999993,
0.01111,0.21999999999999886,
0.01112,0.23999999999999488,
0.01113,0.259999999999998,
0.01114,0.2799999999999976,
0.01115,0.3000000000000007,
0.01116,0.31999999999999673,
0.01117,0.3399999999999963,
0.01118,0.35999999999999943,
0.01119,0.379999999999999,
0.0112,0.3999999999999986,
0.01121,0.41999999999999815,
0.01122,0.4400000000000013,
0.01123,0.4599999999999973,
0.01124,0.4800000000000004,
0.01125,0.49999999999999645,
0.01126,0.519999999999996,
0.01127,0.5399999999999991,
0.01128,0.5599999999999987,
0.01129,0.5800000000000018,
0.0113,0.5999999999999979,
0.01131,0.6199999999999974,
0.01132,0.639999999999997,
0.01133,0.6600000000000001,
0.01134,0.6799999999999962,
0.01135,0.7000000000000028,
0.01136,0.7199999999999989,
0.01137,0.7399999999999984,
0.01138,0.7599999999999945,
0.01139,0.7800000000000011,
0.0114,0.7999999999999972,
0.01141,0.8200000000000003,
0.01142,0.8399999999999999,
0.01143,0.8599999999999959,
0.01144,0.8800000000000026,
0.01145,0.8999999999999986,
0.01146,0.9199999999999982,
0.01147,0.9399999999999942,
0.01148,0.9600000000000009,
0.01149,0.9799999999999969,
0.0115,1,
0.01151,1.019999999999996,
0.01152,1.0399999999999991,
0.01153,1.0599999999999987,
0.01154,1.0799999999999983,
0.01155,1.0999999999999979,
0.01156,1.120000000000001,
0.01157,1.1400000000000006,
0.01158,1.1599999999999966,
0.01159,1.1799999999999997,
0.0116,1.1999999999999957,
0.01161,1.2200000000000024,
0.01162,1.2399999999999984,
0.01163,1.259999999999998,
0.01164,1.279999999999994,
0.01165,1.3000000000000007,
0.01166,1.3199999999999967,
0.01167,1.3399999999999963,
0.01168,1.3599999999999994,
0.01169,1.379999999999999,
0.0117,1.4000000000000021,
0.01171,1.4199999999999982,
0.01172,1.4399999999999977,
0.01173,1.4600000000000009,
0.01174,1.4800000000000004,
0.01175,1.4999999999999964,
0.01176,1.5199999999999996,
0.01177,1.5399999999999956,
0.01178,1.5599999999999987,
0.01179,1.5799999999999983,
0.0118,1.5999999999999979,
0.01181,1.6199999999999974,
0.01182,1.6400000000000006,
0.01183,1.6600000000000001,
0.01184,1.6799999999999962,
0.01185,1.6999999999999993,
0.01186,1.7199999999999989,
0.01187,1.740000000000002,
0.01188,1.759999999999998,
0.01189,1.7799999999999976,
0.0119,1.7999999999999972,
0.01191,1.8200000000000003,
0.01192,1.8399999999999963,
0.01193,1.8599999999999959,
0.01194,1.879999999999999,
0.01195,1.8999999999999986,
0.01196,1.9200000000000017,
0.01197,1.9399999999999977,
0.01198,1.9599999999999973,
0.01199,1.9800000000000004,
0.012,-2,
0.01201,-1.980000000000004,
0.01202,-1.9600000000000009,
0.01203,-1.9400000000000013,
0.01204,-1.9200000000000017,
0.01205,-1.8999999999999986,
0.01206,-1.8800000000000026,
0.01207,-1.860000000000003,
0.01208,-1.8399999999999999,
0.01209,-1.8200000000000003,
0.0121,-1.8000000000000043,
0.01211,-1.7800000000000011,
0.01212,-1.7600000000000016,
0.01213,-1.740000000000002,
0.01214,-1.7200000000000024,
0.01215,-1.7000000000000028,
0.01216,-1.6800000000000033,
0.01217,-1.6600000000000001,
0.01218,-1.6400000000000006,
0.01219,-1.6200000000000045,
0.0122,-1.5999999999999979,
0.01221,-1.5800000000000018,
0.01222,-1.5599999999999987,
0.01223,-1.5400000000000027,
0.01224,-1.5200000000000031,
0.01225,-1.5,
0.01226,-1.4800000000000004,
0.01227,-1.4600000000000044,
0.01228,-1.4400000000000048,
0.01229,-1.4200000000000017,
0.0123,-1.4000000000000021,
0.01231,-1.379999999999999,
0.01232,-1.360000000000003,
0.01233,-1.3399999999999963,
0.01234,-1.3200000000000003,
0.01235,-1.3000000000000007,
0.01236,-1.2800000000000047,
0.01237,-1.259999999999998,
0.01238,-1.240000000000002,
0.01239,-1.2200000000000024,
0.0124,-1.2000000000000028,
0.01241,-1.1800000000000033,
0.01242,-1.1600000000000037,
0.01243,-1.1400000000000006,
0.01244,-1.120000000000001,
0.01245,-1.100000000000005,
0.01246,-1.0799999999999983,
0.01247,-1.0600000000000023,
0.01248,-1.0399999999999991,
0.01249,-1.0200000000000031,
0.0125,-1,
0.01251,-0.980000000000004,
0.01252,-0.9600000000000009,
0.01253,-0.9400000000000048,
0.01254,-0.9199999999999982,
0.01255,-0.9000000000000021,
0.01256,-0.8800000000000026,
0.01257,-0.8599999999999994,
0.01258,-0.8400000000000034,
0.01259,-0.8200000000000003,
0.0126,-0.8000000000000007,
0.01261,-0.7800000000000011,
0.01262,-0.7600000000000051,
0.01263,-0.7399999999999984,
0.01264,-0.7200000000000024,
0.01265,-0.7000000000000028,
0.01266,-0.6799999999999997,
0.01267,-0.6600000000000001,
0.01268,-0.6400000000000041,
0.01269,-0.620000000000001,
0.0127,-0.6000000000000014,
0.01271,-0.5800000000000018,
0.01272,-0.5599999999999987,
0.01273,-0.5400000000000027,
0.01274,-0.5200000000000031,
0.01275,-0.5000000000000036,
0.01276,-0.4800000000000004,
0.01277,-0.4600000000000044,
0.01278,-0.4400000000000013,
0.01279,-0.4200000000000017,
0.0128,-0.3999999999999986,
0.01281,-0.379999999999999,
0.01282,-0.360000000000003,
0.01283,-0.33999999999999986,
0.01284,-0.3200000000000003,
0.01285,-0.3000000000000007,
0.01286,-0.2800000000000047,
0.01287,-0.26000000000000156,
0.01288,-0.240000000000002,
0.01289,-0.21999999999999886,
0.0129,-0.20000000000000284,
0.01291,-0.18000000000000327,
0.01292,-0.16000000000000014,
0.01293,-0.14000000000000057,
0.01294,-0.120000000000001,
0.01295,-0.10000000000000142,
0.01296,-0.08000000000000185,
0.01297,-0.060000000000002274,
0.01298,-0.03999999999999915,
0.01299,-0.020000000000003126,
0.013,-3.552713678800501e-15,
0.01301,0.019999999999999574,
0.01302,0.03999999999999915,
0.01303,0.05999999999999517,
0.01304,0.0799999999999983,
0.01305,0.09999999999999787,
0.01306,0.120000000000001,
0.01307,0.14000000000000057,
0.01308,0.1599999999999966,
0.01309,0.17999999999999616,
0.0131,0.1999999999999993,
0.01311,0.21999999999999886,
0.01312,0.23999999999999488,
0.01313,0.259999999999998,
0.01314,0.2799999999999976,
0.01315,0.3000000000000007,
0.01316,0.31999999999999673,
0.01317,0.3399999999999963,
0.01318,0.35999999999999943,
0.01319,0.379999999999999,
0.0132,0.3999999999999986,
0.01321,0.41999999999999815,
0.01322,0.4400000000000013,
0.01323,0.4599999999999973,
0.01324,0.4800000000000004,
0.01325,0.49999999999999645,
0.01326,0.519999999999996,
0.01327,0.5399999999999991,
0.01328,0.5599999999999987,
0.01329,0.5799999999999947,
0.0133,0.5999999999999979,
0.01331,0.6199999999999974,
0.01332,0.639999999999997,
0.01333,0.6600000000000001,
0.01334,0.6799999999999962,
0.01335,0.7000000000000028,
0.01336,0.7199999999999989,
0.01337,0.7399999999999984,
0.01338,0.7599999999999945,
0.01339,0.7800000000000011,
0.0134,0.7999999999999972,
0.01341,0.8200000000000003,
0.01342,0.8399999999999999,
0.01343,0.8599999999999959,
0.01344,0.879999999999999,
0.01345,0.8999999999999986,
0.01346,0.9199999999999982,
0.01347,0.9399999999999942,
0.01348,0.9600000000000009,
0.01349,0.9799999999999969,
0.0135,1,
0.01351,1.019999999999996,
0.01352,1.0399999999999991,
0.01353,1.0599999999999987,
0.01354,1.0799999999999983,
0.01355,1.0999999999999979,
0.01356,1.1199999999999974,
0.01357,1.1400000000000006,
0.01358,1.1599999999999966,
0.01359,1.1799999999999997,
0.0136,1.1999999999999957,
0.01361,1.2200000000000024,
0.01362,1.2399999999999984,
0.01363,1.259999999999998,
0.01364,1.279999999999994,
0.01365,1.3000000000000007,
0.01366,1.3199999999999967,
0.01367,1.3399999999999963,
0.01368,1.3599999999999994,
0.01369,1.379999999999999,
0.0137,1.4000000000000021,
0.01371,1.4199999999999982,
0.01372,1.4399999999999977,
0.01373,1.4599999999999937,
0.01374,1.4800000000000004,
0.01375,1.4999999999999964,
0.01376,1.5199999999999996,
0.01377,1.5399999999999956,
0.01378,1.5599999999999987,
0.01379,1.5799999999999983,
0.0138,1.5999999999999979,
0.01381,1.6199999999999974,
0.01382,1.6400000000000006,
0.01383,1.6600000000000001,
0.01384,1.6799999999999962,
0.01385,1.6999999999999993,
0.01386,1.7199999999999989,
0.01387,1.740000000000002,
0.01388,1.759999999999998,
0.01389,1.7799999999999976,
0.0139,1.7999999999999936,
0.01391,1.8200000000000003,
0.01392,1.8399999999999963,
0.01393,1.8599999999999959,
0.01394,1.879999999999999,
0.01395,1.8999999999999986,
0.01396,1.9200000000000017,
0.01397,1.9399999999999977,
0.01398,1.9599999999999973,
0.01399,1.9800000000000004,
0.014,-2,
0.01401,-1.980000000000004,
0.01402,-1.9600000000000009,
0.01403,-1.9400000000000013,
0.01404,-1.9200000000000017,
0.01405,-1.9000000000000057,
0.01406,-1.8800000000000026,
0.01407,-1.860000000000003,
0.01408,-1.8399999999999999,
0.01409,-1.8200000000000003,
0.0141,-1.8000000000000043,
0.01411,-1.7800000000000011,
0.01412,-1.7600000000000016,
0.01413,-1.740000000000002,
0.01414,-1.7200000000000024,
0.01415,-1.7000000000000028,
0.01416,-1.6800000000000033,
0.01417,-1.6600000000000001,
0.01418,-1.6400000000000006,
0.01419,-1.6200000000000045,
0.0142,-1.6000000000000014,
0.01421,-1.5800000000000018,
0.01422,-1.5599999999999987,
0.01423,-1.5400000000000027,
0.01424,-1.5200000000000031,
0.01425,-1.5,
0.01426,-1.4800000000000004,
0.01427,-1.4600000000000044,
0.01428,-1.4400000000000048,
0.01429,-1.4200000000000017,
0.0143,-1.4000000000000021,
0.01431,-1.379999999999999,
0.01432,-1.360000000000003,
0.01433,-1.3400000000000034,
0.01434,-1.3200000000000003,
0.01435,-1.3000000000000007,
0.01436,-1.2800000000000047,
0.01437,-1.259999999999998,
0.01438,-1.240000000000002,
0.01439,-1.2200000000000024,
0.0144,-1.2000000000000028,
0.01441,-1.1800000000000033,
0.01442,-1.1600000000000037,
0.01443,-1.1400000000000006,
0.01444,-1.120000000000001,
0.01445,-1.100000000000005,
0.01446,-1.0799999999999983,
0.01447,-1.0600000000000023,
0.01448,-1.0399999999999991,
0.01449,-1.0200000000000031,
0.0145,-1,
0.01451,-0.980000000000004,
0.01452,-0.9600000000000009,
0.01453,-0.9400000000000048,
0.01454,-0.9199999999999982,
0.01455,-0.9000000000000021,
0.01456,-0.8800000000000026,
0.01457,-0.8599999999999994,
0.01458,-0.8400000000000034,
0.01459,-0.8200000000000003,
0.0146,-0.8000000000000007,
0.01461,-0.7800000000000011,
0.01462,-0.7600000000000051,
0.01463,-0.7399999999999984,
0.01464,-0.7200000000000024,
0.01465,-0.7000000000000028,
0.01466,-0.6800000000000068,
0.01467,-0.6600000000000001,
0.01468,-0.6400000000000041,
0.01469,-0.620000000000001,
0.0147,-0.6000000000000014,
0.01471,-0.5800000000000018,
0.01472,-0.5599999999999987,
0.01473,-0.5400000000000027,
0.01474,-0.5200000000000031,
0.01475,-0.5000000000000036,
0.01476,-0.4800000000000004,
0.01477,-0.4600000000000044,
0.01478,-0.4400000000000013,
0.01479,-0.4200000000000017,
0.0148,-0.3999999999999986,
0.01481,-0.38000000000000256,
0.01482,-0.360000000000003,
0.01483,-0.33999999999999986,
0.01484,-0.3200000000000003,
0.01485,-0.3000000000000007,
0.01486,-0.2800000000000047,
0.01487,-0.26000000000000156,
0.01488,-0.240000000000002,
0.01489,-0.21999999999999886,
0.0149,-0.20000000000000284,
0.01491,-0.18000000000000327,
0.01492,-0.16000000000000014,
0.01493,-0.14000000000000057,
0.01494,-0.120000000000001,
0.01495,-0.10000000000000142,
0.01496,-0.08000000000000185,
0.01497,-0.060000000000002274,
0.01498,-0.03999999999999915,
0.01499,-0.020000000000003126,
0.015,-3.552713678800501e-15,
0.01501,0.019999999999999574,
0.01502,0.03999999999999915,
0.01503,0.05999999999999517,
0.01504,0.0799999999999983,
0.01505,0.09999999999999787,
0.01506,0.120000000000001,
0.01507,0.14000000000000057,
0.01508,0.1599999999999966,
0.01509,0.17999999999999616,
0.0151,0.1999999999999993,
0.01511,0.21999999999999886,
0.01512,0.23999999999999488,
0.01513,0.259999999999998,
0.01514,0.2799999999999976,
0.01515,0.3000000000000007,
0.01516,0.31999999999999673,
0.01517,0.3399999999999963,
0.01518,0.35999999999999943,
0.01519,0.379999999999999,
0.0152,0.3999999999999986,
0.01521,0.41999999999999815,
0.01522,0.4399999999999977,
0.01523,0.4599999999999973,
0.01524,0.4800000000000004,
0.01525,0.49999999999999645,
0.01526,0.519999999999996,
0.01527,0.5399999999999991,
0.01528,0.5599999999999987,
0.01529,0.5799999999999947,
0.0153,0.5999999999999979,
0.01531,0.6199999999999974,
0.01532,0.639999999999997,
0.01533,0.6600000000000001,
0.01534,0.6799999999999962,
0.01535,0.7000000000000028,
0.01536,0.7199999999999989,
0.01537,0.7399999999999984,
0.01538,0.7599999999999945,
0.01539,0.7799999999999976,
0.0154,0.7999999999999972,
0.01541,0.8200000000000003,
0.01542,0.8399999999999963,
0.01543,0.8599999999999959,
0.01544,0.879999999999999,
0.01545,0.8999999999999986,
0.01546,0.9199999999999982,
0.01547,0.9399999999999942,
0.01548,0.9600000000000009,
0.01549,0.9799999999999969,
0.0155,1,
0.01551,1.019999999999996,
0.01552,1.0399999999999991,
0.01553,1.0599999999999987,
0.01554,1.0799999999999983,
0.01555,1.0999999999999979,
0.01556,1.1199999999999974,
0.01557,1.139999999999997,
0.01558,1.1599999999999966,
0.01559,1.1799999999999997,
0.0156,1.1999999999999957,
0.01561,1.2200000000000024,
0.01562,1.2399999999999984,
0.01563,1.2600000000000016,
0.01564,1.2800000000000011,
0.01565,1.3000000000000007,
0.01566,1.3199999999999967,
0.01567,1.3399999999999963,
0.01568,1.3599999999999994,
0.01569,1.3799999999999955,
0.0157,1.399999999999995,
0.01571,1.4199999999999946,
0.01572,1.4399999999999977,
0.01573,1.4600000000000009,
0.01574,1.4800000000000004,
0.01575,1.4999999999999964,
0.01576,1.5199999999999996,
0.01577,1.5399999999999956,
0.01578,1.5599999999999952,
0.01579,1.5799999999999983,
0.0158,1.6000000000000014,
0.01581,1.6199999999999974,
0.01582,1.6400000000000006,
0.01583,1.6600000000000001,
0.01584,1.6799999999999962,
0.01585,1.6999999999999993,
0.01586,1.7199999999999953,
0.01587,1.7399999999999949,
0.01588,1.759999999999991,
0.01589,1.7800000000000011,
0.0159,1.7999999999999972,
0.01591,1.8200000000000003,
0.01592,1.8399999999999963,
0.01593,1.8599999999999959,
0.01594,1.879999999999999,
0.01595,1.899999999999995,
0.01596,1.9199999999999946,
0.01597,1.9400000000000013,
0.01598,1.9600000000000009,
0.01599,1.9800000000000004,
0.016,-2,
0.01601,-1.980000000000004,
0.01602,-1.9600000000000009,
0.01603,-1.9400000000000048,
0.01604,-1.9200000000000017,
0.01605,-1.9000000000000057,
0.01606,-1.8799999999999955,
0.01607,-1.8599999999999994,
0.01608,-1.8400000000000034,
0.01609,-1.8200000000000003,
0.0161,-1.8000000000000043,
0.01611,-1.7800000000000011,
0.01612,-1.7600000000000051,
0.01613,-1.740000000000002,
0.01614,-1.7199999999999989,
0.01615,-1.6999999999999957,
0.01616,-1.6799999999999997,
0.01617,-1.6600000000000037,
0.01618,-1.6400000000000077,
0.01619,-1.6200000000000045,
0.0162,-1.6000000000000014,
0.01621,-1.5800000000000054,
0.01622,-1.5600000000000023,
0.01623,-1.5399999999999991,
0.01624,-1.519999999999996,
0.01625,-1.5,
0.01626,-1.480000000000004,
0.01627,-1.4600000000000009,
0.01628,-1.4400000000000048,
0.01629,-1.4200000000000017,
0.0163,-1.4000000000000057,
0.01631,-1.3800000000000026,
0.01632,-1.3599999999999994,
0.01633,-1.3400000000000034,
0.01634,-1.3200000000000003,
0.01635,-1.2999999999999972,
0.01636,-1.2800000000000011,
0.01637,-1.2600000000000051,
0.01638,-1.240000000000009,
0.01639,-1.220000000000006,
0.0164,-1.2000000000000028,
0.01641,-1.1799999999999997,
0.01642,-1.1600000000000037,
0.01643,-1.1400000000000006,
0.01644,-1.1199999999999974,
0.01645,-1.1000000000000014,
0.01646,-1.0800000000000054,
0.01647,-1.0600000000000094,
0.01648,-1.0399999999999991,
0.01649,-1.0200000000000031,
0.0165,-1,
0.01651,-0.980000000000004,
0.01652,-0.9600000000000009,
0.01653,-0.9400000000000048,
0.01654,-0.9200000000000017,
0.01655,-0.9000000000000057,
0.01656,-0.8800000000000097,
0.01657,-0.8599999999999994,
0.01658,-0.8399999999999963,
0.01659,-0.8200000000000003,
0.0166,-0.8000000000000043,
0.01661,-0.7800000000000011,
0.01662,-0.7600000000000051,
0.01663,-0.740000000000002,
0.01664,-0.720000000000006,
0.01665,-0.6999999999999957,
0.01666,-0.6799999999999997,
0.01667,-0.6599999999999966,
0.01668,-0.6400000000000006,
0.01669,-0.6200000000000045,
0.0167,-0.6000000000000014,
0.01671,-0.5800000000000054,
0.01672,-0.5600000000000023,
0.01673,-0.5400000000000063,
0.01674,-0.519999999999996,
0.01675,-0.5,
0.01676,-0.4799999999999969,
0.01677,-0.46000000000000085,
0.01678,-0.44000000000000483,
0.01679,-0.4200000000000088,
0.0168,-0.4000000000000057,
0.01681,-0.38000000000000256,
0.01682,-0.35999999999999943,
0.01683,-0.3400000000000034,
0.01684,-0.3200000000000003,
0.01685,-0.29999999999999716,
0.01686,-0.28000000000000114,
0.01687,-0.2600000000000051,
0.01688,-0.240000000000002,
0.01689,-0.22000000000000597,
0.0169,-0.20000000000000284,
0.01691,-0.17999999999999972,
0.01692,-0.1600000000000037,
0.01693,-0.14000000000000057,
0.01694,-0.12000000000000455,
0.01695,-0.10000000000000142,
0.01696,-0.0799999999999983,
0.01697,-0.060000000000002274,
0.01698,-0.04000000000000625,
0.01699,-0.01999999999999602,
0.017,0,
0.01701,0.01999999999999602,
0.01702,0.03999999999999915,
0.01703,0.05999999999999517,
0.01704,0.0799999999999983,
0.01705,0.10000000000000142,
0.01706,0.11999999999999744,
0.01707,0.13999999999999346,
0.01708,0.1600000000000037,
0.01709,0.17999999999999972,
0.0171,0.19999999999999574,
0.01711,0.21999999999999886,
0.01712,0.23999999999999488,
0.01713,0.259999999999998,
0.01714,0.27999999999999403,
0.01715,0.29999999999999716,
0.01716,0.3200000000000003,
0.01717,0.3400000000000034,
0.01718,0.35999999999999943,
0.01719,0.37999999999999545,
0.0172,0.3999999999999986,
0.01721,0.4199999999999946,
0.01722,0.4399999999999977,
0.01723,0.45999999999999375,
0.01724,0.4799999999999969,
0.01725,0.5,
0.01726,0.5200000000000031,
0.01727,0.5399999999999991,
0.01728,0.5600000000000023,
0.01729,0.5799999999999983,
0.0173,0.5999999999999943,
0.01731,0.6199999999999974,
0.01732,0.6399999999999935,
0.01733,0.6599999999999966,
0.01734,0.6799999999999997,
0.01735,0.7000000000000028,
0.01736,0.7199999999999989,
0.01737,0.740000000000002,
0.01738,0.759999999999998,
0.01739,0.779999999999994,
0.0174,0.79999999999999,
0.01741,0.8199999999999932,
0.01742,0.8399999999999963,
0.01743,0.8599999999999994,
0.01744,0.8799999999999955,
0.01745,0.8999999999999986,
0.01746,0.9200000000000017,
0.01747,0.9399999999999977,
0.01748,0.9599999999999937,
0.01749,0.9799999999999969,
0.0175,1,
0.01751,1.0200000000000031,
0.01752,1.0399999999999991,
0.01753,1.0599999999999952,
0.01754,1.0799999999999983,
0.01755,1.0999999999999943,
0.01756,1.1199999999999974,
0.01757,1.1399999999999935,
0.01758,1.1599999999999966,
0.01759,1.1799999999999997,
0.0176,1.2000000000000028,
0.01761,1.2199999999999989,
0.01762,1.2399999999999949,
0.01763,1.259999999999998,
0.01764,1.279999999999994,
0.01765,1.2999999999999972,
0.01766,1.3200000000000003,
0.01767,1.3400000000000034,
0.01768,1.3599999999999994,
0.01769,1.3800000000000026,
0.0177,1.3999999999999986,
0.01771,1.4199999999999946,
0.01772,1.4399999999999977,
0.01773,1.4599999999999937,
0.01774,1.4799999999999969,
0.01775,1.499999999999993,
0.01776,1.5200000000000031,
0.01777,1.5399999999999991,
0.01778,1.5600000000000023,
0.01779,1.5799999999999983,
0.0178,1.5999999999999943,
0.01781,1.6199999999999974,
0.01782,1.6399999999999935,
0.01783,1.6599999999999966,
0.01784,1.6799999999999997,
0.01785,1.6999999999999957,
0.01786,1.7199999999999989,
0.01787,1.740000000000002,
0.01788,1.759999999999998,
0.01789,1.7800000000000011,
0.0179,1.7999999999999972,
0.01791,1.8199999999999932,
0.01792,1.8399999999999963,
0.01793,1.8599999999999994,
0.01794,1.8799999999999955,
0.01795,1.8999999999999986,
0.01796,1.9200000000000017,
0.01797,1.9399999999999977,
0.01798,1.9600000000000009,
0.01799,1.9799999999999969,
0.018,1.999999999999993,
0.01801,-1.9799999999999969,
0.01802,-1.9600000000000009,
0.01803,-1.9400000000000048,
0.01804,-1.9200000000000017,
0.01805,-1.9000000000000057,
0.01806,-1.8800000000000026,
0.01807,-1.8599999999999994,
0.01808,-1.8400000000000034,
0.01809,-1.8200000000000074,
0.0181,-1.7999999999999972,
0.01811,-1.7800000000000011,
0.01812,-1.759999999999998,
0.01813,-1.740000000000002,
0.01814,-1.720000000000006,
0.01815,-1.7000000000000028,
0.01816,-1.6800000000000068,
0.01817,-1.6600000000000037,
0.01818,-1.6400000000000006,
0.01819,-1.6199999999999974,
0.0182,-1.6000000000000014,
0.01821,-1.5799999999999983,
0.01822,-1.5600000000000023,
0.01823,-1.5400000000000063,
0.01824,-1.5200000000000031,
0.01825,-1.500000000000007,
0.01826,-1.480000000000004,
0.01827,-1.4600000000000009,
0.01828,-1.4399999999999977,
0.01829,-1.4200000000000017,
0.0183,-1.3999999999999986,
0.01831,-1.3800000000000026,
0.01832,-1.3600000000000065,
0.01833,-1.3400000000000034,
0.01834,-1.3200000000000074,
0.01835,-1.2999999999999972,
0.01836,-1.2800000000000011,
0.01837,-1.259999999999998,
0.01838,-1.240000000000002,
0.01839,-1.2199999999999989,
0.0184,-1.2000000000000028,
0.01841,-1.1800000000000068,
0.01842,-1.1600000000000037,
0.01843,-1.1400000000000077,
0.01844,-1.1199999999999974,
0.01845,-1.1000000000000014,
0.01846,-1.0800000000000054,
0.01847,-1.0600000000000023,
0.01848,-1.0399999999999991,
0.01849,-1.0200000000000031,
0.0185,-1,
0.01851,-0.980000000000004,
0.01852,-0.960000000000008,
0.01853,-0.9399999999999977,
0.01854,-0.9200000000000017,
0.01855,-0.9000000000000057,
0.01856,-0.8800000000000026,
0.01857,-0.8599999999999994,
0.01858,-0.8400000000000034,
0.01859,-0.8200000000000003,
0.0186,-0.8000000000000043,
0.01861,-0.7800000000000011,
0.01862,-0.759999999999998,
0.01863,-0.740000000000002,
0.01864,-0.720000000000006,
0.01865,-0.7000000000000028,
0.01866,-0.6800000000000068,
0.01867,-0.6600000000000037,
0.01868,-0.6400000000000006,
0.01869,-0.6200000000000045,
0.0187,-0.6000000000000014,
0.01871,-0.5799999999999983,
0.01872,-0.5600000000000023,
0.01873,-0.5399999999999991,
0.01874,-0.5200000000000031,
0.01875,-0.5000000000000071,
0.01876,-0.480000000000004,
0.01877,-0.46000000000000796,
0.01878,-0.4399999999999977,
0.01879,-0.4200000000000017,
0.0188,-0.3999999999999986,
0.01881,-0.38000000000000256,
0.01882,-0.35999999999999943,
0.01883,-0.3400000000000034,
0.01884,-0.3200000000000074,
0.01885,-0.30000000000000426,
0.01886,-0.28000000000000824,
0.01887,-0.2600000000000051,
0.01888,-0.240000000000002,
0.01889,-0.21999999999999886,
0.0189,-0.20000000000000284,
0.01891,-0.17999999999999972,
0.01892,-0.1600000000000037,
0.01893,-0.14000000000000767,
0.01894,-0.12000000000000455,
0.01895,-0.10000000000000142,
0.01896,-0.0799999999999983,
0.01897,-0.060000000000002274,
0.01898,-0.03999999999999915,
0.01899,-0.020000000000003126,
0.019,0,
0.01901,0.01999999999999602,
0.01902,0.03999999999999204,
0.01903,0.05999999999999517,
0.01904,0.0799999999999983,
0.01905,0.10000000000000142,
0.01906,0.11999999999999744,
0.01907,0.13999999999999346,
0.01908,0.1599999999999966,
0.01909,0.17999999999999972,
0.0191,0.19999999999999574,
0.01911,0.21999999999999886,
0.01912,0.240000000000002,
0.01913,0.2600000000000051,
0.01914,0.28000000000000114,
0.01915,0.29999999999999716,
0.01916,0.3199999999999932,
0.01917,0.3399999999999963,
0.01918,0.35999999999999943,
0.01919,0.37999999999999545,
0.0192,0.3999999999999986,
0.01921,0.4200000000000017,
0.01922,0.4399999999999977,
0.01923,0.46000000000000085,
0.01924,0.4799999999999969,
0.01925,0.4999999999999929,
0.01926,0.519999999999996,
0.01927,0.539999999999992,
0.01928,0.5599999999999952,
0.01929,0.5799999999999983,
0.0193,0.6000000000000014,
0.01931,0.6199999999999974,
0.01932,0.6400000000000006,
0.01933,0.6599999999999966,
0.01934,0.6799999999999926,
0.01935,0.6999999999999957,
0.01936,0.7199999999999918,
0.01937,0.7399999999999949,
0.01938,0.759999999999998,
0.01939,0.7800000000000011,
0.0194,0.7999999999999972,
0.01941,0.8200000000000003,
0.01942,0.8399999999999963,
0.01943,0.8599999999999994,
0.01944,0.8799999999999955,
0.01945,0.8999999999999915,
0.01946,0.9200000000000017,
0.01947,0.9399999999999977,
0.01948,0.9600000000000009,
0.01949,0.9799999999999969,
0.0195,1,
0.01951,1.019999999999996,
0.01952,1.0399999999999991,
0.01953,1.0599999999999952,
0.01954,1.0799999999999912,
0.01955,1.1000000000000014,
0.01956,1.1199999999999974,
0.01957,1.1399999999999935,
0.01958,1.1599999999999966,
0.01959,1.1799999999999997,
0.0196,1.1999999999999957,
0.01961,1.2199999999999989,
0.01962,1.2399999999999949,
0.01963,1.259999999999998,
0.01964,1.2800000000000011,
0.01965,1.2999999999999972,
0.01966,1.3200000000000003,
0.01967,1.3399999999999963,
0.01968,1.3599999999999923,
0.01969,1.3799999999999955,
0.0197,1.3999999999999986,
0.01971,1.4199999999999946,
0.01972,1.4399999999999977,
0.01973,1.4600000000000009,
0.01974,1.480000000000004,
0.01975,1.5,
0.01976,1.519999999999996,
0.01977,1.539999999999992,
0.01978,1.5599999999999952,
0.01979,1.5799999999999983,
0.0198,1.6000000000000014,
0.01981,1.6199999999999974,
0.01982,1.6400000000000006,
0.01983,1.6599999999999966,
0.01984,1.6799999999999997,
0.01985,1.6999999999999957,
0.01986,1.7199999999999918,
0.01987,1.7399999999999949,
0.01988,1.759999999999991,
0.01989,1.7800000000000011,
0.0199,1.7999999999999972,
0.01991,1.8200000000000003,
0.01992,1.8399999999999963,
0.01993,1.8599999999999994,
0.01994,1.8799999999999955,
0.01995,1.8999999999999915,
0.01996,1.9199999999999946,
0.01997,1.9400000000000048,
0.01998,1.9600000000000009,
0.01999,1.9799999999999969,
0.02,-2,