Time,V(OUT1),V(NODE4),
0,2.016571642993566e-12,-2,
0.00001,-0.736028540573134,-1.96,
0.00002,-1.4041208764395992,-1.92,
0.00003,-1.8796292678827364,-1.88,
0.00004,-2.1214045790025917,-1.84,
0.00005,-2.1441161855808186,-1.8,
0.00006,-2.0078072712105475,-1.76,
0.00007,-1.7969931523905596,-1.72,
0.00008,-1.5948209823821744,-1.68,
0.00009,-1.4604079181942013,-1.6400000000000001,
0.0001,-1.416018977782839,-1.6,
0.00011,-1.447134034151463,-1.56,
0.00012,-1.514053794494636,-1.52,
0.00013,-1.5700332143938993,-1.48,
0.00014,-1.5792085036320682,-1.44,
0.00015,-1.5282730468957504,-1.4,
0.00016,-1.428567802543774,-1.3599999999999999,
0.00017,-1.3089066154347573,-1.32,
0.00018,-1.2027078410622791,-1.28,
0.00019,-1.1347240825881988,-1.2400000000000002,
0.0002,-1.112339746020121,-1.2,
0.00021,-1.1242973833962797,-1.1600000000000001,
0.00022,-1.1467091690655142,-1.12,
0.00023,-1.1534760974493719,-1.08,
0.00024,-1.126773541089759,-1.04,
0.00025,-1.063537322377008,-1,
0.00026,-0.9756914320092915,-0.9600000000000002,
0.00027,-0.8844227172091528,-0.9199999999999999,
0.00028,-0.8111078528899877,-0.8800000000000001,
0.00029,-0.7686637849770372,-0.8400000000000001,
0.0003,-0.756730765668211,-0.8,
0.00031,-0.7624195389363216,-0.76,
0.00032,-0.7660732283041678,-0.72,
0.00033,-0.7495271897876079,-0.6800000000000002,
0.00034,-0.7034558404052975,-0.6400000000000001,
0.00035,-0.6308862155098677,-0.6000000000000001,
0.00036,-0.5455917666722099,-0.56,
0.00037,-0.4661729889274888,-0.5200000000000002,
0.00038,-0.4083397367746606,-0.4800000000000002,
0.00039,-0.3785653341665434,-0.43999999999999995,
0.0004,-0.3716512112139112,-0.3999999999999999,
0.00041,-0.3731055466792948,-0.3600000000000003,
0.00042,-0.36527587721571886,-0.32000000000000006,
0.00043,-0.3346764286292267,-0.28,
0.00044,-0.2775086604378811,-0.24,
0.00045,-0.20114863553201517,-0.20000000000000018,
0.00046,-0.12103838643743435,-0.15999999999999992,
0.00047,-0.05429005751134628,-0.1200000000000001,
0.00048,-0.012635363496978365,-0.08000000000000007,
0.00049,0.002399638854720491,-0.040000000000000036,
0.0005,0.0001349444811538948,0,
0.00051,-0.0030575787225287938,0.040000000000000036,
0.00052,0.009572149759826004,0.07999999999999963,
0.00053,0.04832432991444709,0.1200000000000001,
0.00054,0.11285455023913454,0.16000000000000014,
0.00055,0.1923304167148747,0.20000000000000018,
0.00056,0.2698870356598791,0.23999999999999977,
0.00057,0.3295734747953186,0.2799999999999998,
0.00058,0.36295443962910906,0.31999999999999984,
0.00059,0.3726527365984305,0.3599999999999999,
0.0006,0.371347983002151,0.3999999999999999,
0.00061,0.37659536747342914,0.43999999999999995,
0.00062,0.40354937632272836,0.48,
0.00063,0.4585685420628661,0.52,
0.00064,0.536363204589252,0.56,
0.00065,0.6219375388005994,0.5999999999999996,
0.00066,0.6966256365428067,0.6399999999999997,
0.00067,0.7458153902622935,0.6800000000000002,
0.00068,0.765195921239631,0.7199999999999998,
0.00069,0.7628872698097098,0.7599999999999998,
0.0007,0.7564351175129368,0.7999999999999998,
0.00071,0.7657458495995983,0.8399999999999999,
0.00072,0.8047569128624297,0.8799999999999999,
0.00073,0.8752683425668603,0.9199999999999999,
0.00074,0.9656064275349968,0.9599999999999995,
0.00075,1.0549050574166567,1,
0.00076,1.1214981695572948,1.0399999999999996,
0.00077,1.1521356684381188,1.0799999999999996,
0.00078,1.148215092077918,1.12,
0.00079,1.1262359291664732,1.1599999999999997,
0.0008,1.111900351888145,1.2000000000000002,
0.00081,1.129870260933445,1.2399999999999998,
0.00082,1.1931213954313273,1.2799999999999994,
0.00083,1.296292810814628,1.3199999999999998,
0.00084,1.4161372268172385,1.3599999999999999,
0.00085,1.519535826701989,1.3999999999999995,
0.00086,1.5765079253578445,1.44,
0.00087,1.5733918597243592,1.4799999999999995,
0.00088,1.520838261766849,1.52,
0.00089,1.4527742487836097,1.5599999999999996,
0.0009,1.415633370672136,1.5999999999999996,
0.00091,1.450823811565974,1.6399999999999997,
0.00092,1.576277764402131,1.6800000000000002,
0.00093,1.7738602791197875,1.7199999999999998,
0.00094,1.9879400540434415,1.7599999999999998,
0.00095,2.1369200328330087,1.7999999999999998,
0.00096,2.1351318893745277,1.8399999999999999,
0.00097,1.91872973562216,1.88,
0.00098,1.467431598092159,1.92,
0.00099,0.8148607578107705,1.9599999999999995,
0.001,0.043621457392268956,-2,
0.00101,-0.7339752056883624,-1.96,
0.00102,-1.4040261270464613,-1.92,
0.00103,-1.8796249103786287,-1.88,
0.00104,-2.1214043787164987,-1.8400000000000007,
0.00105,-2.14411617637587,-1.8000000000000007,
0.00106,-2.0078072707875054,-1.7599999999999998,
0.00107,-1.796993152371118,-1.7200000000000006,
0.00108,-1.594820982381282,-1.6799999999999997,
0.00109,-1.4604079181941598,-1.6400000000000006,
0.0011,-1.4160189777828371,-1.5999999999999996,
0.00111,-1.4471340341514636,-1.5599999999999996,
0.00112,-1.5140537944946344,-1.5200000000000005,
0.00113,-1.5700332143938978,-1.4800000000000004,
0.00114,-1.579208503632068,-1.4400000000000004,
0.00115,-1.5282730468957508,-1.4000000000000004,
0.00116,-1.4285678025437745,-1.3600000000000003,
0.00117,-1.3089066154347575,-1.3200000000000003,
0.00118,-1.2027078410622793,-1.2800000000000002,
0.00119,-1.1347240825882,-1.2400000000000002,
0.0012,-1.1123397460201232,-1.2000000000000002,
0.00121,-1.1242973833962824,-1.160000000000001,
0.00122,-1.146709169065515,-1.12,
0.00123,-1.1534760974493714,-1.080000000000001,
0.00124,-1.1267735410897592,-1.04,
0.00125,-1.0635373223770073,-1,
0.00126,-0.9756914320092903,-0.96,
0.00127,-0.8844227172091518,-0.9199999999999999,
0.00128,-0.8111078528899869,-0.8799999999999999,
0.00129,-0.7686637849770369,-0.8400000000000007,
0.0013,-0.756730765668214,-0.8000000000000007,
0.00131,-0.7624195389363218,-0.7599999999999998,
0.00132,-0.7660732283041687,-0.7200000000000006,
0.00133,-0.7495271897876112,-0.6800000000000006,
0.00134,-0.7034558404052961,-0.6399999999999997,
0.00135,-0.630886215509868,-0.5999999999999996,
0.00136,-0.54559176667221,-0.5600000000000005,
0.00137,-0.46617298892748904,-0.5200000000000005,
0.00138,-0.40833973677465973,-0.4800000000000004,
0.00139,-0.378565334166543,-0.4400000000000013,
0.0014,-0.37165121121390987,-0.40000000000000036,
0.00141,-0.3731055466792958,-0.3600000000000003,
0.00142,-0.3652758772157211,-0.3200000000000003,
0.00143,-0.33467642862922703,-0.27999999999999936,
0.00144,-0.2775086604378798,-0.2400000000000002,
0.00145,-0.20114863553201673,-0.20000000000000107,
0.00146,-0.12103838643743588,-0.16000000000000014,
0.00147,-0.05429005751134665,-0.1200000000000001,
0.00148,-0.012635363496976408,-0.08000000000000096,
0.00149,0.0023996388547243026,-0.040000000000000924,
0.0015,0.00013494448115563648,0,
0.00151,-0.003057578722527457,0.040000000000000036,
0.00152,0.009572149759828539,0.07999999999999918,
0.00153,0.04832432991444594,0.11999999999999922,
0.00154,0.11285455023913374,0.15999999999999925,
0.00155,0.19233041671487192,0.1999999999999993,
0.00156,0.2698870356598794,0.2400000000000002,
0.00157,0.3295734747953163,0.27999999999999936,
0.00158,0.36295443962910556,0.3199999999999994,
0.00159,0.3726527365984291,0.3600000000000003,
0.0016,0.3713479830021497,0.40000000000000036,
0.00161,0.3765953674734296,0.4399999999999995,
0.00162,0.403549376322728,0.47999999999999954,
0.00163,0.4585685420628661,0.5199999999999996,
0.00164,0.5363632045892482,0.5599999999999987,
0.00165,0.6219375388006028,0.5999999999999996,
0.00166,0.6966256365428054,0.6399999999999997,
0.00167,0.7458153902622918,0.6799999999999997,
0.00168,0.7651959212396268,0.7199999999999998,
0.00169,0.7628872698097103,0.7599999999999998,
0.0017,0.7564351175129354,0.7999999999999989,
0.00171,0.7657458495996005,0.8399999999999999,
0.00172,0.8047569128624292,0.8799999999999999,
0.00173,0.8752683425668625,0.919999999999999,
0.00174,0.9656064275349984,0.9599999999999991,
0.00175,1.054905057416658,1,
0.00176,1.1214981695572925,1.04,
0.00177,1.1521356684381174,1.0799999999999992,
0.00178,1.1482150920779166,1.1199999999999992,
0.00179,1.1262359291664727,1.1599999999999993,
0.0018,1.1119003518881436,1.1999999999999993,
0.00181,1.1298702609334448,1.2400000000000002,
0.00182,1.1931213954313267,1.2799999999999994,
0.00183,1.296292810814627,1.3199999999999994,
0.00184,1.4161372268172396,1.3600000000000003,
0.00185,1.5195358267019894,1.4000000000000004,
0.00186,1.5765079253578453,1.4399999999999995,
0.00187,1.5733918597243595,1.4799999999999995,
0.00188,1.5208382617668526,1.5199999999999996,
0.00189,1.4527742487836106,1.5599999999999987,
0.0019,1.4156333706721327,1.5999999999999996,
0.00191,1.4508238115659733,1.6399999999999997,
0.00192,1.5762777644021302,1.6799999999999997,
0.00193,1.7738602791197888,1.7199999999999998,
0.00194,1.9879400540434449,1.7599999999999998,
0.00195,2.136920032833009,1.799999999999999,
0.00196,2.1351318893745286,1.8399999999999999,
0.00197,1.9187297356221646,1.88,
0.00198,1.4674315980921617,1.919999999999999,
0.00199,0.8148607578107797,1.959999999999999,
0.002,0.04362145739227146,-2,
0.00201,-0.7339752056883619,-1.9600000000000009,
0.00202,-1.4040261270464536,-1.92,
0.00203,-1.8796249103786296,-1.879999999999999,
0.00204,-2.121404378716501,-1.8399999999999999,
0.00205,-2.144116176375869,-1.8000000000000007,
0.00206,-2.007807270787499,-1.7599999999999998,
0.00207,-1.7969931523711222,-1.7200000000000024,
0.00208,-1.5948209823812833,-1.6800000000000015,
0.00209,-1.4604079181941643,-1.6400000000000006,
0.0021,-1.4160189777828378,-1.6000000000000014,
0.00211,-1.4471340341514611,-1.5600000000000005,
0.00212,-1.5140537944946353,-1.5199999999999996,
0.00213,-1.5700332143938998,-1.4800000000000004,
0.00214,-1.5792085036320695,-1.4400000000000013,
0.00215,-1.5282730468957502,-1.4000000000000004,
0.00216,-1.4285678025437754,-1.3599999999999994,
0.00217,-1.3089066154347584,-1.3200000000000003,
0.00218,-1.2027078410622816,-1.2800000000000011,
0.00219,-1.1347240825882,-1.2400000000000002,
0.0022,-1.1123397460201234,-1.1999999999999993,
0.00221,-1.1242973833962848,-1.1600000000000001,
0.00222,-1.1467091690655167,-1.1199999999999992,
0.00223,-1.1534760974493754,-1.08,
0.00224,-1.1267735410897606,-1.040000000000001,
0.00225,-1.0635373223770068,-1.0000000000000018,
0.00226,-0.9756914320092905,-0.9600000000000009,
0.00227,-0.8844227172091544,-0.9200000000000017,
0.00228,-0.811107852889988,-0.8800000000000008,
0.00229,-0.768663784977039,-0.8400000000000016,
0.0023,-0.7567307656682118,-0.8000000000000007,
0.00231,-0.7624195389363215,-0.7599999999999998,
0.00232,-0.7660732283041705,-0.7200000000000006,
0.00233,-0.7495271897876079,-0.6800000000000015,
0.00234,-0.7034558404052962,-0.6400000000000006,
0.00235,-0.6308862155098677,-0.5999999999999996,
0.00236,-0.5455917666722134,-0.5600000000000005,
0.00237,-0.4661729889274886,-0.5199999999999996,
0.00238,-0.4083397367746604,-0.4800000000000004,
0.00239,-0.3785653341665443,-0.4399999999999995,
0.0024,-0.37165121121391337,-0.40000000000000036,
0.00241,-0.37310554667929907,-0.3600000000000012,
0.00242,-0.3652758772157234,-0.32000000000000206,
0.00243,-0.3346764286292276,-0.28000000000000114,
0.00244,-0.2775086604378843,-0.2400000000000002,
0.00245,-0.2011486355320188,-0.20000000000000107,
0.00246,-0.12103838643743571,-0.16000000000000192,
0.00247,-0.05429005751134733,-0.120000000000001,
0.00248,-0.012635363496977626,-0.08000000000000007,
0.00249,0.0023996388547245064,-0.040000000000000924,
0.0025,0.00013494448115351993,0,
0.00251,-0.0030575787225272898,0.03999999999999915,
0.00252,0.009572149759827318,0.08000000000000007,
0.00253,0.048324329914450646,0.11999999999999922,
0.00254,0.11285455023913672,0.16000000000000014,
0.00255,0.19233041671487763,0.20000000000000107,
0.00256,0.26988703565988326,0.2400000000000002,
0.00257,0.3295734747953131,0.2799999999999976,
0.00258,0.36295443962910184,0.3199999999999985,
0.00259,0.37265273659843057,0.35999999999999766,
0.0026,0.3713479830021518,0.3999999999999986,
0.00261,0.37659536747343136,0.4399999999999995,
0.00262,0.40354937632272947,0.4800000000000004,
0.00263,0.45856854206286407,0.5199999999999996,
0.00264,0.536363204589251,0.5599999999999987,
0.00265,0.6219375388005978,0.5999999999999996,
0.00266,0.696625636542801,0.6399999999999988,
0.00267,0.7458153902622917,0.6800000000000015,
0.00268,0.7651959212396342,0.7200000000000006,
0.00269,0.7628872698097113,0.7599999999999998,
0.0027,0.7564351175129352,0.8000000000000007,
0.00271,0.7657458495996003,0.8399999999999999,
0.00272,0.8047569128624306,0.879999999999999,
0.00273,0.8752683425668607,0.9199999999999999,
0.00274,0.9656064275349909,0.9599999999999991,
0.00275,1.0549050574166532,0.9999999999999982,
0.00276,1.1214981695572923,1.0399999999999991,
0.00277,1.1521356684381172,1.0799999999999983,
0.00278,1.1482150920779153,1.1199999999999974,
0.00279,1.1262359291664699,1.1599999999999984,
0.0028,1.1119003518881458,1.1999999999999993,
0.00281,1.1298702609334443,1.2400000000000002,
0.00282,1.1931213954313271,1.2799999999999994,
0.00283,1.2962928108146277,1.3199999999999985,
0.00284,1.4161372268172387,1.3599999999999994,
0.00285,1.5195358267019918,1.3999999999999986,
0.00286,1.5765079253578456,1.4400000000000013,
0.00287,1.5733918597243606,1.4800000000000004,
0.00288,1.5208382617668506,1.5199999999999996,
0.00289,1.452774248783608,1.5600000000000005,
0.0029,1.4156333706721373,1.5999999999999979,
0.00291,1.4508238115659748,1.639999999999997,
0.00292,1.5762777644021266,1.6799999999999997,
0.00293,1.7738602791197813,1.7199999999999989,
0.00294,1.9879400540434375,1.7599999999999998,
0.00295,2.136920032833007,1.799999999999999,
0.00296,2.135131889374535,1.839999999999998,
0.00297,1.9187297356221722,1.879999999999999,
0.00298,1.467431598092171,1.9199999999999982,
0.00299,0.8148607578107735,1.9600000000000009,
0.003,0.04362145739226848,-2,
0.00301,-0.7339752056883643,-1.9600000000000009,
0.00302,-1.4040261270464531,-1.92,
0.00303,-1.8796249103786224,-1.8800000000000008,
0.00304,-2.1214043787164942,-1.8400000000000016,
0.00305,-2.1441161763758716,-1.799999999999999,
0.00306,-2.0078072707875134,-1.7600000000000016,
0.00307,-1.7969931523711236,-1.7200000000000024,
0.00308,-1.5948209823812858,-1.6800000000000015,
0.00309,-1.4604079181941647,-1.6400000000000023,
0.0031,-1.4160189777828354,-1.6000000000000014,
0.00311,-1.447134034151462,-1.5600000000000005,
0.00312,-1.5140537944946326,-1.5199999999999996,
0.00313,-1.5700332143938964,-1.4800000000000004,
0.00314,-1.5792085036320684,-1.4400000000000013,
0.00315,-1.5282730468957508,-1.4000000000000004,
0.00316,-1.4285678025437765,-1.3600000000000012,
0.00317,-1.3089066154347622,-1.320000000000002,
0.00318,-1.202707841062279,-1.2799999999999994,
0.00319,-1.1347240825882015,-1.2400000000000002,
0.0032,-1.1123397460201285,-1.1999999999999993,
0.00321,-1.124297383396284,-1.1600000000000001,
0.00322,-1.1467091690655145,-1.120000000000001,
0.00323,-1.153476097449376,-1.08,
0.00324,-1.1267735410897628,-1.040000000000001,
0.00325,-1.063537322377009,-1.0000000000000018,
0.00326,-0.975691432009293,-0.9600000000000009,
0.00327,-0.8844227172091516,-0.9200000000000017,
0.00328,-0.8111078528899857,-0.8800000000000026,
0.00329,-0.7686637849770415,-0.8400000000000016,
0.0033,-0.7567307656682092,-0.8000000000000007,
0.00331,-0.7624195389363208,-0.7599999999999998,
0.00332,-0.7660732283041705,-0.7200000000000006,
0.00333,-0.7495271897876067,-0.6800000000000015,
0.00334,-0.7034558404052982,-0.6400000000000006,
0.00335,-0.6308862155098711,-0.6000000000000014,
0.00336,-0.5455917666722182,-0.5600000000000005,
0.00337,-0.4661729889274872,-0.5199999999999996,
0.00338,-0.40833973677466034,-0.4800000000000004,
0.00339,-0.37856533416654253,-0.4400000000000013,
0.0034,-0.37165121121391176,-0.40000000000000213,
0.00341,-0.3731055466792954,-0.360000000000003,
0.00342,-0.36527587721571736,-0.3200000000000003,
0.00343,-0.33467642862922814,-0.28000000000000114,
0.00344,-0.2775086604378826,-0.2400000000000002,
0.00345,-0.20114863553201748,-0.20000000000000107,
0.00346,-0.12103838643743618,-0.16000000000000192,
0.00347,-0.054290057511344275,-0.120000000000001,
0.00348,-0.012635363496972588,-0.08000000000000185,
0.00349,0.0023996388547205213,-0.03999999999999915,
0.0035,0.000134944481152989,0,
0.00351,-0.003057578722525201,0.03999999999999915,
0.00352,0.009572149759827073,0.08000000000000007,
0.00353,0.048324329914448426,0.11999999999999922,
0.00354,0.11285455023913403,0.15999999999999837,
0.00355,0.19233041671487372,0.1999999999999993,
0.00356,0.26988703565987504,0.23999999999999844,
0.00357,0.32957347479531673,0.2799999999999976,
0.00358,0.36295443962910245,0.3199999999999985,
0.00359,0.3726527365984247,0.35999999999999766,
0.0036,0.3713479830021494,0.3999999999999986,
0.00361,0.3765953674734288,0.4399999999999995,
0.00362,0.40354937632272764,0.4800000000000004,
0.00363,0.45856854206286474,0.5199999999999996,
0.00364,0.5363632045892505,0.5599999999999987,
0.00365,0.6219375388005925,0.5999999999999996,
0.00366,0.6966256365428024,0.6399999999999988,
0.00367,0.7458153902622896,0.6799999999999979,
0.00368,0.7651959212396274,0.7200000000000006,
0.00369,0.7628872698097111,0.7599999999999998,
0.0037,0.7564351175129376,0.8000000000000007,
0.00371,0.7657458495995981,0.8399999999999999,
0.00372,0.8047569128624316,0.879999999999999,
0.00373,0.8752683425668588,0.9199999999999999,
0.00374,0.9656064275349935,0.9599999999999991,
0.00375,1.0549050574166576,0.9999999999999982,
0.00376,1.1214981695572932,1.0399999999999991,
0.00377,1.1521356684381172,1.0799999999999983,
0.00378,1.1482150920779137,1.1199999999999974,
0.00379,1.126235929166465,1.1599999999999984,
0.0038,1.1119003518881376,1.1999999999999993,
0.00381,1.1298702609334415,1.2400000000000002,
0.00382,1.1931213954313253,1.2799999999999994,
0.00383,1.2962928108146292,1.3199999999999985,
0.00384,1.4161372268172407,1.3599999999999994,
0.00385,1.5195358267019892,1.3999999999999986,
0.00386,1.5765079253578467,1.4399999999999995,
0.00387,1.5733918597243597,1.4800000000000004,
0.00388,1.5208382617668461,1.5199999999999996,
0.00389,1.4527742487836115,1.5599999999999987,
0.0039,1.4156333706721331,1.5999999999999979,
0.00391,1.450823811565972,1.6400000000000006,
0.00392,1.5762777644021257,1.6799999999999997,
0.00393,1.7738602791197937,1.7199999999999989,
0.00394,1.9879400540434393,1.7599999999999998,
0.00395,2.136920032833012,1.8000000000000007,
0.00396,2.135131889374532,1.839999999999998,
0.00397,1.9187297356221937,1.8799999999999955,
0.00398,1.467431598092179,1.9199999999999982,
0.00399,0.8148607578108109,1.9599999999999973,
0.004,0.04362145739227715,-2,
0.00401,-0.7339752056883223,-1.9600000000000009,
0.00402,-1.4040261270464511,-1.9200000000000017,
0.00403,-1.8796249103786082,-1.8800000000000026,
0.00404,-2.121404378716491,-1.8399999999999999,
0.00405,-2.144116176375873,-1.8000000000000007,
0.00406,-2.0078072707875028,-1.759999999999998,
0.00407,-1.7969931523711227,-1.7200000000000024,
0.00408,-1.5948209823812785,-1.6799999999999997,
0.00409,-1.4604079181941625,-1.6400000000000006,
0.0041,-1.416018977782836,-1.6000000000000014,
0.00411,-1.4471340341514651,-1.5599999999999987,
0.00412,-1.5140537944946364,-1.5199999999999996,
0.00413,-1.5700332143938944,-1.4800000000000004,
0.00414,-1.5792085036320647,-1.4400000000000048,
0.00415,-1.5282730468957475,-1.4000000000000021,
0.00416,-1.4285678025437822,-1.360000000000003,
0.00417,-1.3089066154347622,-1.3200000000000003,
0.00418,-1.202707841062286,-1.2800000000000011,
0.00419,-1.1347240825882072,-1.2399999999999984,
0.0042,-1.1123397460201316,-1.2000000000000028,
0.00421,-1.1242973833962948,-1.1600000000000001,
0.00422,-1.1467091690655224,-1.120000000000001,
0.00423,-1.1534760974493723,-1.0800000000000018,
0.00424,-1.1267735410897595,-1.0399999999999991,
0.00425,-1.0635373223770117,-1,
0.00426,-0.9756914320092944,-0.9600000000000009,
0.00427,-0.8844227172091493,-0.9199999999999982,
0.00428,-0.8111078528899892,-0.8800000000000026,
0.00429,-0.7686637849770389,-0.8399999999999999,
0.0043,-0.7567307656682108,-0.8000000000000007,
0.00431,-0.7624195389363201,-0.7600000000000016,
0.00432,-0.7660732283041671,-0.7199999999999989,
0.00433,-0.7495271897876141,-0.6800000000000033,
0.00434,-0.7034558404053025,-0.6400000000000006,
0.00435,-0.6308862155098776,-0.600000000000005,
0.00436,-0.5455917666722144,-0.5600000000000023,
0.00437,-0.46617298892749676,-0.5200000000000031,
0.00438,-0.40833973677466406,-0.4800000000000004,
0.00439,-0.37856533416654436,-0.4400000000000013,
0.0044,-0.3716512112139168,-0.3999999999999986,
0.00441,-0.37310554667929985,-0.360000000000003,
0.00442,-0.3652758772157247,-0.3200000000000003,
0.00443,-0.33467642862923025,-0.28000000000000114,
0.00444,-0.2775086604378802,-0.23999999999999844,
0.00445,-0.20114863553201867,-0.20000000000000284,
0.00446,-0.1210383864374327,-0.16000000000000014,
0.00447,-0.05429005751134306,-0.120000000000001,
0.00448,-0.012635363496979036,-0.08000000000000185,
0.00449,0.0023996388547202095,-0.03999999999999915,
0.0045,0.0001349444811576699,-3.552713678800501e-15,
0.00451,-0.003057578722524922,0.03999999999999915,
0.00452,0.009572149759828188,0.0799999999999983,
0.00453,0.04832432991444474,0.120000000000001,
0.00454,0.11285455023912805,0.1599999999999966,
0.00455,0.19233041671486503,0.1999999999999993,
0.00456,0.2698870356598766,0.23999999999999844,
0.00457,0.32957347479531834,0.28000000000000114,
0.00458,0.362954439629109,0.31999999999999673,
0.00459,0.37265273659843373,0.35999999999999943,
0.0046,0.37134798300215005,0.3999999999999986,
0.00461,0.3765953674734311,0.4400000000000013,
0.00462,0.4035493763227275,0.4800000000000004,
0.00463,0.45856854206285863,0.519999999999996,
0.00464,0.5363632045892439,0.5599999999999987,
0.00465,0.6219375388005863,0.5999999999999979,
0.00466,0.6966256365428071,0.639999999999997,
0.00467,0.7458153902622912,0.6799999999999997,
0.00468,0.7651959212396358,0.7199999999999989,
0.00469,0.7628872698097083,0.759999999999998,
0.0047,0.7564351175129341,0.8000000000000007,
0.00471,0.7657458495995987,0.8399999999999963,
0.00472,0.8047569128624376,0.879999999999999,
0.00473,0.8752683425668625,0.9199999999999982,
0.00474,0.9656064275350043,0.9600000000000009,
0.00475,1.054905057416657,1,
0.00476,1.121498169557292,1.0399999999999991,
0.00477,1.152135668438118,1.0799999999999983,
0.00478,1.1482150920779097,1.120000000000001,
0.00479,1.1262359291664648,1.1599999999999966,
0.0048,1.1119003518881354,1.1999999999999993,
0.00481,1.1298702609334361,1.2399999999999984,
0.00482,1.1931213954313185,1.2799999999999976,
0.00483,1.2962928108146246,1.3200000000000003,
0.00484,1.416137226817236,1.3599999999999959,
0.00485,1.5195358267019867,1.3999999999999986,
0.00486,1.5765079253578407,1.4399999999999977,
0.00487,1.573391859724359,1.4800000000000004,
0.00488,1.5208382617668506,1.5199999999999996,
0.00489,1.4527742487836104,1.5599999999999987,
0.0049,1.4156333706721367,1.5999999999999979,
0.00491,1.4508238115659753,1.6400000000000006,
0.00492,1.5762777644021275,1.6799999999999962,
0.00493,1.7738602791197953,1.7199999999999989,
0.00494,1.9879400540434402,1.759999999999998,
0.00495,2.1369200328330145,1.8000000000000007,
0.00496,2.1351318893745344,1.8399999999999999,
0.00497,1.9187297356221913,1.8799999999999955,
0.00498,1.4674315980921755,1.9199999999999982,
0.00499,0.8148607578108054,1.9599999999999973,
0.005,0.04362145739227475,-2,
0.00501,-0.7339752056883214,-1.9600000000000009,
0.00502,-1.4040261270464474,-1.9200000000000017,
0.00503,-1.8796249103786031,-1.8800000000000026,
0.00504,-2.121404378716494,-1.8399999999999999,
0.00505,-2.1441161763758694,-1.8000000000000007,
0.00506,-2.0078072707874974,-1.7600000000000016,
0.00507,-1.796993152371124,-1.7200000000000024,
0.00508,-1.5948209823812827,-1.6799999999999997,
0.00509,-1.4604079181941638,-1.6400000000000006,
0.0051,-1.4160189777828385,-1.5999999999999979,
0.00511,-1.447134034151463,-1.5599999999999987,
0.00512,-1.514053794494633,-1.5199999999999996,
0.00513,-1.5700332143938946,-1.4800000000000004,
0.00514,-1.5792085036320622,-1.4400000000000048,
0.00515,-1.5282730468957446,-1.4000000000000021,
0.00516,-1.4285678025437765,-1.360000000000003,
0.00517,-1.3089066154347613,-1.3200000000000003,
0.00518,-1.2027078410622858,-1.2800000000000047,
0.00519,-1.1347240825882037,-1.240000000000002,
0.0052,-1.1123397460201252,-1.2000000000000028,
0.00521,-1.12429738339628,-1.1600000000000037,
0.00522,-1.1467091690655207,-1.120000000000001,
0.00523,-1.1534760974493765,-1.0799999999999983,
0.00524,-1.1267735410897632,-1.0399999999999991,
0.00525,-1.0635373223770075,-1,
0.00526,-0.9756914320092893,-0.9600000000000009,
0.00527,-0.8844227172091484,-0.9199999999999982,
0.00528,-0.8111078528899862,-0.8800000000000026,
0.00529,-0.7686637849770378,-0.8399999999999999,
0.0053,-0.7567307656682134,-0.8000000000000007,
0.00531,-0.7624195389363335,-0.7600000000000051,
0.00532,-0.7660732283041822,-0.7200000000000024,
0.00533,-0.7495271897876151,-0.6799999999999997,
0.00534,-0.7034558404053006,-0.639999999999997,
0.00535,-0.6308862155098687,-0.6000000000000014,
0.00536,-0.5455917666722061,-0.5599999999999987,
0.00537,-0.4661729889274929,-0.5200000000000031,
0.00538,-0.4083397367746646,-0.4800000000000004,
0.00539,-0.37856533416654675,-0.4400000000000013,
0.0054,-0.37165121121391775,-0.3999999999999986,
0.00541,-0.3731055466792992,-0.360000000000003,
0.00542,-0.36527587721572785,-0.3200000000000003,
0.00543,-0.3346764286292396,-0.2800000000000047,
0.00544,-0.2775086604378841,-0.240000000000002,
0.00545,-0.20114863553201778,-0.20000000000000284,
0.00546,-0.12103838643743285,-0.16000000000000014,
0.00547,-0.05429005751135033,-0.120000000000001,
0.00548,-0.012635363496981432,-0.08000000000000185,
0.00549,0.0023996388547190698,-0.03999999999999915,
0.0055,0.0001349444811613296,-3.552713678800501e-15,
0.00551,-0.003057578722525787,0.03999999999999915,
0.00552,0.0095721497598305,0.0799999999999983,
0.00553,0.04832432991444736,0.120000000000001,
0.00554,0.1128545502391289,0.1599999999999966,
0.00555,0.1923304167148725,0.1999999999999993,
0.00556,0.2698870356598622,0.23999999999999488,
0.00557,0.3295734747953109,0.2799999999999976,
0.00558,0.3629544396290979,0.31999999999999673,
0.00559,0.3726527365984221,0.35999999999999943,
0.0056,0.3713479830021541,0.3999999999999986,
0.00561,0.37659536747342864,0.4400000000000013,
0.00562,0.4035493763227276,0.4800000000000004,
0.00563,0.4585685420628624,0.519999999999996,
0.00564,0.5363632045892518,0.5599999999999987,
0.00565,0.6219375388005934,0.5999999999999979,
0.00566,0.6966256365427986,0.639999999999997,
0.00567,0.7458153902622818,0.6799999999999962,
0.00568,0.7651959212396178,0.7199999999999989,
0.00569,0.7628872698097047,0.7599999999999945,
0.0057,0.7564351175129328,0.7999999999999972,
0.00571,0.7657458495996047,0.8399999999999999,
0.00572,0.8047569128624339,0.8800000000000026,
0.00573,0.8752683425668685,0.9199999999999982,
0.00574,0.9656064275350038,0.9600000000000009,
0.00575,1.0549050574166612,1,
0.00576,1.121498169557299,1.0399999999999991,
0.00577,1.1521356684381097,1.0799999999999983,
0.00578,1.1482150920779137,1.120000000000001,
0.00579,1.126235929166472,1.1599999999999966,
0.0058,1.111900351888143,1.1999999999999957,
0.00581,1.1298702609334412,1.2399999999999984,
0.00582,1.1931213954313167,1.279999999999994,
0.00583,1.2962928108146239,1.3199999999999967,
0.00584,1.416137226817231,1.3599999999999994,
0.00585,1.5195358267019925,1.4000000000000021,
0.00586,1.5765079253578431,1.4399999999999977,
0.00587,1.573391859724361,1.4800000000000004,
0.00588,1.5208382617668572,1.5199999999999996,
0.00589,1.452774248783609,1.5599999999999987,
0.0059,1.4156333706721336,1.5999999999999979,
0.00591,1.4508238115659724,1.6400000000000006,
0.00592,1.5762777644021293,1.6799999999999962,
0.00593,1.773860279119791,1.7199999999999989,
0.00594,1.9879400540434484,1.759999999999998,
0.00595,2.1369200328330176,1.7999999999999972,
0.00596,2.135131889374545,1.8399999999999963,
0.00597,1.9187297356221846,1.879999999999999,
0.00598,1.4674315980921675,1.9200000000000017,
0.00599,0.8148607578108136,1.9599999999999973,
0.006,0.04362145739227202,-2,
0.00601,-0.7339752056883194,-1.9600000000000009,
0.00602,-1.404026127046453,-1.9200000000000017,
0.00603,-1.8796249103786073,-1.8800000000000026,
0.00604,-2.121404378716488,-1.8399999999999999,
0.00605,-2.1441161763758645,-1.8000000000000043,
0.00606,-2.0078072707874974,-1.7600000000000016,
0.00607,-1.796993152371123,-1.7200000000000024,
0.00608,-1.594820982381274,-1.6800000000000033,
0.00609,-1.4604079181941652,-1.6400000000000006,
0.0061,-1.4160189777828391,-1.5999999999999979,
0.00611,-1.4471340341514636,-1.5599999999999987,
0.00612,-1.5140537944946308,-1.5200000000000031,
0.00613,-1.5700332143939018,-1.4800000000000004,
0.00614,-1.5792085036320715,-1.4400000000000048,
0.00615,-1.5282730468957464,-1.4000000000000021,
0.00616,-1.4285678025437811,-1.360000000000003,
0.00617,-1.3089066154347555,-1.3200000000000003,
0.00618,-1.20270784106229,-1.2800000000000047,
0.00619,-1.1347240825882048,-1.240000000000002,
0.0062,-1.112339746020126,-1.2000000000000028,
0.00621,-1.1242973833962897,-1.1600000000000037,
0.00622,-1.146709169065514,-1.120000000000001,
0.00623,-1.153476097449379,-1.0799999999999983,
0.00624,-1.1267735410897584,-1.0399999999999991,
0.00625,-1.0635373223770086,-1,
0.00626,-0.975691432009291,-0.9600000000000009,
0.00627,-0.8844227172091469,-0.9199999999999982,
0.00628,-0.8111078528899921,-0.8800000000000026,
0.00629,-0.7686637849770372,-0.8400000000000034,
0.0063,-0.7567307656682205,-0.8000000000000007,
0.00631,-0.7624195389363303,-0.7600000000000051,
0.00632,-0.7660732283041739,-0.7200000000000024,
0.00633,-0.7495271897876037,-0.6799999999999997,
0.00634,-0.7034558404053064,-0.6400000000000041,
0.00635,-0.630886215509872,-0.6000000000000014,
0.00636,-0.5455917666722063,-0.5599999999999987,
0.00637,-0.46617298892749887,-0.5200000000000031,
0.00638,-0.408339736774662,-0.4800000000000004,
0.00639,-0.378565334166552,-0.4400000000000013,
0.0064,-0.3716512112139187,-0.3999999999999986,
0.00641,-0.3731055466792961,-0.360000000000003,
0.00642,-0.3652758772157189,-0.3200000000000003,
0.00643,-0.3346764286292315,-0.2800000000000047,
0.00644,-0.2775086604378914,-0.240000000000002,
0.00645,-0.20114863553201778,-0.20000000000000284,
0.00646,-0.12103838643744344,-0.16000000000000014,
0.00647,-0.054290057511349465,-0.120000000000001,
0.00648,-0.012635363496981944,-0.08000000000000185,
0.00649,0.0023996388547202724,-0.03999999999999915,
0.0065,0.00013494448116215766,-3.552713678800501e-15,
0.00651,-0.003057578722528846,0.03999999999999915,
0.00652,0.009572149759828513,0.0799999999999983,
0.00653,0.04832432991444756,0.120000000000001,
0.00654,0.11285455023913075,0.1599999999999966,
0.00655,0.19233041671487205,0.1999999999999993,
0.00656,0.2698870356598739,0.23999999999999488,
0.00657,0.32957347479530724,0.2799999999999976,
0.00658,0.3629544396290959,0.31999999999999673,
0.00659,0.372652736598424,0.35999999999999943,
0.0066,0.37134798300214755,0.3999999999999986,
0.00661,0.3765953674734298,0.4400000000000013,
0.00662,0.4035493763227238,0.4800000000000004,
0.00663,0.45856854206286,0.519999999999996,
0.00664,0.5363632045892425,0.5599999999999987,
0.00665,0.6219375388005857,0.5999999999999979,
0.00666,0.6966256365428106,0.639999999999997,
0.00667,0.7458153902622826,0.6799999999999962,
0.00668,0.7651959212396259,0.7199999999999989,
0.00669,0.7628872698096979,0.7599999999999945,
0.0067,0.7564351175129291,0.7999999999999972,
0.00671,0.7657458495996019,0.8399999999999999,
0.00672,0.8047569128624311,0.879999999999999,
0.00673,0.8752683425668608,0.9199999999999982,
0.00674,0.965606427534992,0.9600000000000009,
0.00675,1.054905057416652,1,
0.00676,1.1214981695572936,1.0399999999999991,
0.00677,1.152135668438119,1.0799999999999983,
0.00678,1.1482150920779102,1.1199999999999974,
0.00679,1.1262359291664719,1.1599999999999966,
0.0068,1.1119003518881396,1.1999999999999957,
0.00681,1.1298702609334357,1.2399999999999984,
0.00682,1.1931213954313178,1.279999999999994,
0.00683,1.2962928108146223,1.3199999999999967,
0.00684,1.41613722681724,1.3599999999999994,
0.00685,1.5195358267019898,1.4000000000000021,
0.00686,1.5765079253578502,1.4399999999999977,
0.00687,1.5733918597243597,1.4800000000000004,
0.00688,1.5208382617668545,1.5199999999999996,
0.00689,1.4527742487836155,1.5599999999999987,
0.0069,1.4156333706721345,1.5999999999999979,
0.00691,1.4508238115659724,1.6400000000000006,
0.00692,1.5762777644021206,1.6799999999999962,
0.00693,1.7738602791197913,1.7199999999999989,
0.00694,1.9879400540434422,1.759999999999998,
0.00695,2.1369200328330185,1.7999999999999936,
0.00696,2.1351318893745477,1.8399999999999963,
0.00697,1.9187297356221888,1.879999999999999,
0.00698,1.4674315980921715,1.9200000000000017,
0.00699,0.8148607578108008,1.9599999999999973,
0.007,0.04362145739227408,-2,
0.00701,-0.7339752056883214,-1.9600000000000009,
0.00702,-1.4040261270464491,-1.9200000000000017,
0.00703,-1.8796249103786078,-1.8800000000000026,
0.00704,-2.121404378716489,-1.8399999999999999,
0.00705,-2.1441161763758645,-1.8000000000000043,
0.00706,-2.0078072707875028,-1.7600000000000016,
0.00707,-1.7969931523711236,-1.7200000000000024,
0.00708,-1.594820982381286,-1.6800000000000033,
0.00709,-1.460407918194163,-1.6400000000000006,
0.0071,-1.4160189777828274,-1.6000000000000014,
0.00711,-1.4471340341514636,-1.5599999999999987,
0.00712,-1.5140537944946313,-1.5200000000000031,
0.00713,-1.5700332143939035,-1.4800000000000004,
0.00714,-1.5792085036320622,-1.4400000000000048,
0.00715,-1.528273046895749,-1.4000000000000021,
0.00716,-1.4285678025437794,-1.360000000000003,
0.00717,-1.3089066154347604,-1.3200000000000003,
0.00718,-1.202707841062289,-1.2800000000000047,
0.00719,-1.1347240825882123,-1.240000000000002,
0.0072,-1.1123397460201347,-1.2000000000000028,
0.00721,-1.1242973833962853,-1.1600000000000037,
0.00722,-1.1467091690655289,-1.120000000000001,
0.00723,-1.1534760974493776,-1.0799999999999983,
0.00724,-1.1267735410897555,-1.0399999999999991,
0.00725,-1.06353732237701,-1,
0.00726,-0.9756914320092863,-0.9600000000000009,
0.00727,-0.8844227172091422,-0.9199999999999982,
0.00728,-0.8111078528899803,-0.8800000000000026,
0.00729,-0.7686637849770441,-0.8400000000000034,
0.0073,-0.7567307656682177,-0.8000000000000007,
0.00731,-0.7624195389363307,-0.7600000000000051,
0.00732,-0.7660732283041819,-0.7200000000000024,
0.00733,-0.7495271897876141,-0.6800000000000068,
0.00734,-0.7034558404053011,-0.6400000000000041,
0.00735,-0.6308862155098817,-0.6000000000000014,
0.00736,-0.5455917666722198,-0.5599999999999987,
0.00737,-0.46617298892749043,-0.5200000000000031,
0.00738,-0.4083397367746606,-0.4800000000000004,
0.00739,-0.3785653341665391,-0.4400000000000013,
0.0074,-0.3716512112139125,-0.3999999999999986,
0.00741,-0.37310554667929063,-0.360000000000003,
0.00742,-0.36527587721572036,-0.3200000000000003,
0.00743,-0.33467642862924224,-0.2800000000000047,
0.00744,-0.27750866043788636,-0.240000000000002,
0.00745,-0.20114863553202017,-0.20000000000000284,
0.00746,-0.12103838643743897,-0.16000000000000014,
0.00747,-0.05429005751134881,-0.120000000000001,
0.00748,-0.012635363496980731,-0.08000000000000185,
0.00749,0.0023996388547188378,-0.03999999999999915,
0.0075,0.00013494448115316157,-3.552713678800501e-15,
0.00751,-0.003057578722521742,0.03999999999999915,
0.00752,0.009572149759825156,0.0799999999999983,
0.00753,0.04832432991445014,0.120000000000001,
0.00754,0.1128545502391317,0.1599999999999966,
0.00755,0.19233041671487006,0.1999999999999993,
0.00756,0.2698870356598695,0.23999999999999488,
0.00757,0.3295734747953178,0.2799999999999976,
0.00758,0.3629544396290963,0.31999999999999673,
0.00759,0.372652736598415,0.35999999999999943,
0.0076,0.3713479830021478,0.3999999999999986,
0.00761,0.3765953674734208,0.4399999999999977,
0.00762,0.403549376322726,0.4800000000000004,
0.00763,0.45856854206286396,0.519999999999996,
0.00764,0.5363632045892507,0.5599999999999987,
0.00765,0.6219375388005878,0.5999999999999979,
0.00766,0.6966256365428013,0.639999999999997,
0.00767,0.7458153902622761,0.6799999999999962,
0.00768,0.7651959212396149,0.7199999999999989,
0.00769,0.7628872698097047,0.7599999999999945,
0.0077,0.7564351175129316,0.7999999999999972,
0.00771,0.7657458495995851,0.8399999999999963,
0.00772,0.8047569128624317,0.879999999999999,
0.00773,0.8752683425668576,0.9199999999999982,
0.00774,0.9656064275350007,0.9600000000000009,
0.00775,1.0549050574166512,1,
0.00776,1.12149816955729,1.0399999999999991,
0.00777,1.1521356684381125,1.0799999999999983,
0.00778,1.1482150920779117,1.1199999999999974,
0.00779,1.126235929166467,1.1599999999999966,
0.0078,1.1119003518881303,1.1999999999999957,
0.00781,1.1298702609334343,1.2399999999999984,
0.00782,1.193121395431323,1.2800000000000011,
0.00783,1.296292810814625,1.3199999999999967,
0.00784,1.4161372268172354,1.3599999999999994,
0.00785,1.5195358267019856,1.399999999999995,
0.00786,1.5765079253578496,1.4399999999999977,
0.00787,1.5733918597243544,1.4800000000000004,
0.00788,1.5208382617668588,1.5199999999999996,
0.00789,1.4527742487836113,1.5599999999999952,
0.0079,1.4156333706721356,1.6000000000000014,
0.00791,1.4508238115659697,1.6400000000000006,
0.00792,1.5762777644021315,1.6799999999999962,
0.00793,1.7738602791197804,1.7199999999999953,
0.00794,1.9879400540434302,1.759999999999991,
0.00795,2.136920032833025,1.7999999999999972,
0.00796,2.1351318893745486,1.8399999999999963,
0.00797,1.91872973562218,1.879999999999999,
0.00798,1.467431598092225,1.9199999999999946,
0.00799,0.8148607578107471,1.9600000000000009,
0.008,0.043621457392281675,-2,
0.00801,-0.7339752056883048,-1.9600000000000009,
0.00802,-1.404026127046388,-1.9200000000000017,
0.00803,-1.879624910378626,-1.8799999999999955,
0.00804,-2.1214043787164933,-1.8400000000000034,
0.00805,-2.1441161763758685,-1.8000000000000043,
0.00806,-2.007807270787512,-1.7600000000000051,
0.00807,-1.7969931523711085,-1.7199999999999989,
0.00808,-1.5948209823812833,-1.6799999999999997,
0.00809,-1.4604079181941587,-1.6400000000000077,
0.0081,-1.4160189777828454,-1.6000000000000014,
0.00811,-1.4471340341514503,-1.5600000000000023,
0.00812,-1.5140537944946384,-1.519999999999996,
0.00813,-1.5700332143938909,-1.480000000000004,
0.00814,-1.5792085036320647,-1.4400000000000048,
0.00815,-1.5282730468957546,-1.4000000000000057,
0.00816,-1.4285678025437674,-1.3599999999999994,
0.00817,-1.3089066154347646,-1.3200000000000003,
0.00818,-1.2027078410622931,-1.2800000000000011,
0.00819,-1.134724082588219,-1.240000000000009,
0.0082,-1.112339746020138,-1.2000000000000028,
0.00821,-1.1242973833963001,-1.1600000000000037,
0.00822,-1.146709169065528,-1.1199999999999974,
0.00823,-1.1534760974493767,-1.0800000000000054,
0.00824,-1.1267735410897552,-1.0399999999999991,
0.00825,-1.063537322377,-1,
0.00826,-0.9756914320092852,-0.9600000000000009,
0.00827,-0.8844227172091434,-0.9200000000000017,
0.00828,-0.8111078528899899,-0.8800000000000097,
0.00829,-0.7686637849770273,-0.8399999999999963,
0.0083,-0.7567307656682174,-0.8000000000000043,
0.00831,-0.762419538936329,-0.7600000000000051,
0.00832,-0.7660732283041899,-0.720000000000006,
0.00833,-0.7495271897876135,-0.6799999999999997,
0.00834,-0.7034558404053181,-0.6400000000000006,
0.00835,-0.6308862155098733,-0.6000000000000014,
0.00836,-0.5455917666722135,-0.5600000000000023,
0.00837,-0.4661729889274905,-0.519999999999996,
0.00838,-0.40833973677466934,-0.4799999999999969,
0.00839,-0.3785653341665566,-0.44000000000000483,
0.0084,-0.3716512112139275,-0.4000000000000057,
0.00841,-0.37310554667930806,-0.35999999999999943,
0.00842,-0.3652758772157292,-0.3200000000000003,
0.00843,-0.3346764286292403,-0.28000000000000114,
0.00844,-0.2775086604378902,-0.240000000000002,
0.00845,-0.20114863553203216,-0.20000000000000284,
0.00846,-0.12103838643744085,-0.1600000000000037,
0.00847,-0.05429005751134719,-0.12000000000000455,
0.00848,-0.01263536349697713,-0.0799999999999983,
0.00849,0.0023996388547192888,-0.04000000000000625,
0.0085,0.00013494448116140934,0,
0.00851,-0.0030575787225298858,0.03999999999999915,
0.00852,0.009572149759825944,0.0799999999999983,
0.00853,0.04832432991444434,0.11999999999999744,
0.00854,0.11285455023913013,0.1600000000000037,
0.00855,0.1923304167148726,0.19999999999999574,
0.00856,0.26988703565986333,0.23999999999999488,
0.00857,0.32957347479530047,0.27999999999999403,
0.00858,0.36295443962910107,0.3200000000000003,
0.00859,0.3726527365984251,0.35999999999999943,
0.0086,0.3713479830021595,0.3999999999999986,
0.00861,0.37659536747343547,0.4399999999999977,
0.00862,0.40354937632272797,0.4799999999999969,
0.00863,0.45856854206287057,0.5200000000000031,
0.00864,0.5363632045892556,0.5600000000000023,
0.00865,0.6219375388005787,0.5999999999999943,
0.00866,0.6966256365427901,0.6399999999999935,
0.00867,0.745815390262273,0.6799999999999997,
0.00868,0.7651959212396227,0.7199999999999989,
0.00869,0.7628872698097069,0.759999999999998,
0.0087,0.7564351175129227,0.79999999999999,
0.00871,0.7657458495996019,0.8399999999999963,
0.00872,0.8047569128624272,0.8799999999999955,
0.00873,0.8752683425668665,0.9200000000000017,
0.00874,0.9656064275349967,0.9599999999999937,
0.00875,1.0549050574166678,1,
0.00876,1.1214981695573,1.0399999999999991,
0.00877,1.152135668438115,1.0799999999999983,
0.00878,1.148215092077906,1.1199999999999974,
0.00879,1.1262359291664616,1.1599999999999966,
0.0088,1.1119003518881352,1.2000000000000028,
0.00881,1.12987026093343,1.2399999999999949,
0.00882,1.1931213954313136,1.279999999999994,
0.00883,1.2962928108146177,1.3200000000000003,
0.00884,1.4161372268172479,1.3599999999999994,
0.00885,1.5195358267019936,1.3999999999999986,
0.00886,1.5765079253578487,1.4399999999999977,
0.00887,1.5733918597243715,1.4799999999999969,
0.00888,1.5208382617668466,1.5200000000000031,
0.00889,1.4527742487836086,1.5600000000000023,
0.0089,1.4156333706721254,1.5999999999999943,
0.00891,1.4508238115659688,1.6399999999999935,
0.00892,1.5762777644021349,1.6799999999999997,
0.00893,1.773860279119796,1.7199999999999989,
0.00894,1.987940054043452,1.759999999999998,
0.00895,2.136920032833019,1.7999999999999972,
0.00896,2.135131889374545,1.8399999999999963,
0.00897,1.918729735622168,1.8799999999999955,
0.00898,1.4674315980921622,1.9200000000000017,
0.00899,0.8148607578108111,1.9600000000000009,
0.009,0.04362145739234109,1.999999999999993,
0.00901,-0.7339752056883823,-1.9600000000000009,
0.00902,-1.4040261270464607,-1.9200000000000017,
0.00903,-1.8796249103786014,-1.8800000000000026,
0.00904,-2.1214043787164707,-1.8400000000000034,
0.00905,-2.144116176375851,-1.7999999999999972,
0.00906,-2.0078072707875014,-1.759999999999998,
0.00907,-1.7969931523711309,-1.720000000000006,
0.00908,-1.5948209823812982,-1.6800000000000068,
0.00909,-1.460407918194156,-1.6400000000000006,
0.0091,-1.4160189777828414,-1.6000000000000014,
0.00911,-1.4471340341514654,-1.5600000000000023,
0.00912,-1.5140537944946282,-1.5200000000000031,
0.00913,-1.5700332143938973,-1.480000000000004,
0.00914,-1.5792085036320649,-1.4399999999999977,
0.00915,-1.528273046895755,-1.3999999999999986,
0.00916,-1.4285678025437856,-1.3600000000000065,
0.00917,-1.3089066154347733,-1.3200000000000074,
0.00918,-1.2027078410622738,-1.2800000000000011,
0.00919,-1.1347240825882021,-1.240000000000002,
0.0092,-1.1123397460201305,-1.2000000000000028,
0.00921,-1.1242973833962786,-1.1600000000000037,
0.00922,-1.146709169065529,-1.1199999999999974,
0.00923,-1.1534760974493763,-1.0800000000000054,
0.00924,-1.126773541089762,-1.0399999999999991,
0.00925,-1.0635373223770184,-1,
0.00926,-0.9756914320092946,-0.960000000000008,
0.00927,-0.8844227172091457,-0.9200000000000017,
0.00928,-0.8111078528899865,-0.8800000000000026,
0.00929,-0.7686637849770376,-0.8400000000000034,
0.0093,-0.7567307656682241,-0.8000000000000043,
0.00931,-0.7624195389363297,-0.759999999999998,
0.00932,-0.766073228304169,-0.720000000000006,
0.00933,-0.7495271897876272,-0.6800000000000068,
0.00934,-0.7034558404053066,-0.6400000000000006,
0.00935,-0.6308862155098808,-0.6000000000000014,
0.00936,-0.5455917666722127,-0.5600000000000023,
0.00937,-0.46617298892750153,-0.5200000000000031,
0.00938,-0.40833973677466723,-0.480000000000004,
0.00939,-0.37856533416654004,-0.4399999999999977,
0.0094,-0.3716512112139204,-0.3999999999999986,
0.00941,-0.3731055466793089,-0.35999999999999943,
0.00942,-0.3652758772157234,-0.3200000000000074,
0.00943,-0.3346764286292441,-0.28000000000000824,
0.00944,-0.27750866043788597,-0.240000000000002,
0.00945,-0.2011486355320156,-0.20000000000000284,
0.00946,-0.12103838643743968,-0.1600000000000037,
0.00947,-0.05429005751134819,-0.12000000000000455,
0.00948,-0.012635363496962924,-0.0799999999999983,
0.00949,0.0023996388547222907,-0.03999999999999915,
0.0095,0.00013494448115271607,0,
0.00951,-0.0030575787225222933,0.03999999999999204,
0.00952,0.00957214975983077,0.0799999999999983,
0.00953,0.048324329914450834,0.11999999999999744,
0.00954,0.11285455023913818,0.1599999999999966,
0.00955,0.19233041671486253,0.19999999999999574,
0.00956,0.26988703565987426,0.240000000000002,
0.00957,0.32957347479530696,0.28000000000000114,
0.00958,0.36295443962910096,0.3199999999999932,
0.00959,0.3726527365984227,0.35999999999999943,
0.0096,0.37134798300214006,0.3999999999999986,
0.00961,0.3765953674734052,0.4399999999999977,
0.00962,0.4035493763227172,0.4799999999999969,
0.00963,0.45856854206285547,0.519999999999996,
0.00964,0.5363632045892449,0.5599999999999952,
0.00965,0.6219375388005961,0.6000000000000014,
0.00966,0.6966256365428052,0.6400000000000006,
0.00967,0.7458153902622936,0.6799999999999926,
0.00968,0.7651959212396133,0.7199999999999918,
0.00969,0.7628872698097062,0.759999999999998,
0.0097,0.7564351175129257,0.7999999999999972,
0.00971,0.7657458495995916,0.8399999999999963,
0.00972,0.8047569128624238,0.8799999999999955,
0.00973,0.8752683425668715,0.9200000000000017,
0.00974,0.9656064275349907,0.9600000000000009,
0.00975,1.0549050574166523,1,
0.00976,1.121498169557284,1.0399999999999991,
0.00977,1.1521356684381168,1.0799999999999912,
0.00978,1.1482150920779182,1.1199999999999974,
0.00979,1.1262359291664796,1.1599999999999966,
0.0098,1.111900351888146,1.1999999999999957,
0.00981,1.1298702609334332,1.2399999999999949,
0.00982,1.193121395431322,1.2800000000000011,
0.00983,1.2962928108146206,1.3200000000000003,
0.00984,1.41613722681723,1.3599999999999923,
0.00985,1.5195358267019838,1.3999999999999986,
0.00986,1.5765079253578502,1.4399999999999977,
0.00987,1.5733918597243597,1.480000000000004,
0.00988,1.5208382617668474,1.519999999999996,
0.00989,1.4527742487836148,1.5599999999999952,
0.0099,1.4156333706721214,1.6000000000000014,
0.00991,1.4508238115659746,1.6400000000000006,
0.00992,1.5762777644021218,1.6799999999999997,
0.00993,1.7738602791197704,1.7199999999999918,
0.00994,1.9879400540434338,1.759999999999991,
0.00995,2.1369200328330162,1.7999999999999972,
0.00996,2.135131889374545,1.8399999999999963,
0.00997,1.9187297356221913,1.8799999999999955,
0.00998,1.4674315980922175,1.9199999999999946,
0.00999,0.8148607578107968,1.9600000000000009,